주소,병원이름,구분
"전라북도 김제시 남북로 202, (요촌동)",(의) 예림의료재단 청록요양병원,요양병원
"경기도 안산시 상록구 용신로 352, (본오동, 목화웨딩홀)",(의)대선의료재단으뜸요양병원,요양병원
"경상남도 김해시 김해대로 2479-1, (삼정동)",(의)밀성학원의료재단 성모요양병원,요양병원
"울산광역시 울주군 서생면 용리길 165-11, ()",(의)성덕의료재단 간절곶자연요양병원,요양병원
"경상남도 김해시 금관대로1084번길 15, (흥동)[*미고시]",(의)수의료재단 서청솔요양병원,요양병원
"부산광역시 부산진구 개금온정로 5, 지하1,지상3층 (개금동, 성원상떼뷰)",(의)영님의료재단 개금중앙요양병원,요양병원
"부산광역시 기장군 기장읍 기장해안로 552, ()",(의)피터의료재단새소망요양병원,요양병원
"경기도 용인시 수지구 포은대로59번길 17, 광교복합의료센터,지하1층,1층일부,2층~4층,6층 (상현동)",(의)현당의료재단 늘봄요양병원,요양병원
"경상남도 김해시 김해대로 1814-39, (삼계동)",(의)환명의료재단 경상남도립김해노인전문병원,요양병원
"경기도 부천시 부흥로373번길 18, (심곡동)",(재)대성재단 대성제일요양병원,요양병원
"전라북도 군산시 쌍천로 82-3, (개정동)",(학교법인 경암학원)봉정요양병원,요양병원
"서울특별시 강서구 양천로 35, 1~6층 (방화동, 강서성심병원)",365강서수요양병원,요양병원
"울산광역시 북구 염포로 353, (양정동)",BB요양병원,요양병원
"부산광역시 서구 구덕로 164-7, (토성동3가)",BH대학효요양병원,요양병원
"부산광역시 수영구 수영로 563-1, 지하1~10층 (광안동)",가나안요양병원,요양병원
"충청남도 천안시 동남구 영성로 7, (영성동, 가야요양병원)",가야요양병원,요양병원
"경상북도 성주군 성주읍 주산로 183, ()",가야이요양병원,요양병원
"인천광역시 남동구 남동대로 797, 가온 요양병원 (구월동)",가온요양병원,요양병원
"경기도 부천시 마니로24번길 43-17, (송내동, 가은병원A동)",가은병원,요양병원
"부산광역시 부산진구 새싹로 286, 4~9층 (초읍동)",가족사랑 요양병원,요양병원
"대구광역시 달성군 가창면 가창로85길 24-6, ()",가창파티마요양병원,요양병원
"경기도 가평군 상면 대보간선로 889, ()",가평산속요양병원,요양병원
"경기도 가평군 상면 물골길 262-23, ()",가평푸른숲요양병원,요양병원
"경상북도 청도군 각북면 헐티로 1229, ()",감꽃요양병원,요양병원
"경기도 용인시 기흥구 신정로159번길 60, 신갈백세암요양병원 (신갈동)",감인의료재단 신갈백세요양병원,요양병원
"인천광역시 서구 로봇랜드로249번길 14, (경서동)",감인의료재단 청라백세요양병원,요양병원
"충청남도 논산시 강경읍 여강로 1294, (강경읍)",강경효사랑요양병원,요양병원
"서울특별시 송파구 송이로 156, 태정타워 (가락동)",강남센트럴요양병원,요양병원
"서울특별시 관악구 신림로64길 11, 지1층,2~11층 (신림동, 성재빌딩)",강남수요양병원,요양병원
"서울특별시 서초구 서초중앙로 197, (반포동)",강남요양병원,요양병원
"광주광역시 동구 남문로 622, (소태동)",강남요양병원,요양병원
"대구광역시 동구 동촌로 207, (방촌동, 강남병원)",강남요양병원,요양병원
"울산광역시 남구 중앙로 187-1, (신정동)",강남요양병원,요양병원
"경기도 광주시 오포읍 새말길 188, ()",강남제일요양병원,요양병원
"서울특별시 관악구 남부순환로 1704, (봉천동)",강남효요양병원,요양병원
"경기도 하남시 미사대로 472, SR광장프라자 204~208호,3층,4층,5층호 (망월동)",강동미사노블요양병원,요양병원
"서울특별시 강동구 올림픽로80길 31, 로뎀빌딩 (천호동)",강동성모요양병원,요양병원
"경기도 하남시 미사강변대로54번길 70, 산우빌딩 지3, 지1, 1층일부, 2~5층호 (풍산동)",강동스마일요양병원,요양병원
"경기도 용인시 기흥구 구갈로 70, (구갈동, 구갈메가타운 8,9층)",강동요양병원,요양병원
"서울특별시 강동구 구천면로 202, 행복타워빌딩 B2,2,3,4,6층 (천호동)",강동우리들요양병원,요양병원
"강원도 강릉시 옥가로 70, (옥천동)",강릉연세요양병원,요양병원
"부산광역시 사상구 낙동대로 792, (엄궁동)",강림요양병원,요양병원
"경상남도 김해시 진례면 진례로74번길 47, ()",강민의료재단 나누리요양병원,요양병원
"경기도 가평군 가평읍 북한강변로 160, ()",강변요양병원,요양병원
"경기도 고양시 덕양구 중앙로557번길 7-14, (행신동)",강북성심요양병원,요양병원
"서울특별시 서대문구 성산로 335, (연희동)",강북연세요양병원,요양병원
"대구광역시 북구 칠곡중앙대로 504-6, (읍내동)",강북요양병원,요양병원
"서울특별시 강북구 도봉로 161, 서울컨벤션웨딩홀 (미아동)",강북휴요양병원,요양병원
"강원도 강릉시 경강로 2007, 2007 (남문동)",강원도립강릉요양병원,요양병원
"전라남도 강진군 강진읍 해강로 1322-0, ()",강진효요양병원,요양병원
"인천광역시 강화군 길상면 강화동로 181, ()",강화요양병원,요양병원
"인천광역시 강화군 송해면 강화대로 743, ()",강화희망요양병원,요양병원
"부산광역시 부산진구 백양대로 252, 1~7층 (개금동)",개금길요양병원,요양병원
"경상남도 밀양시 내이신촌1길 14, (내이동)",갤러리의아침요양병원,요양병원
"경상남도 거제시 거제대로 2975, (장승포동)",거제요양병원,요양병원
"경상남도 거창군 거창읍 운정3길 180, ()",거창군립 노인요양병원,요양병원
"경상북도 안동시 서후면 서선길 167-0, 건양요양병원",건양요양병원,요양병원
"경기도 평택시 삼남로 312, (도일동)",경기도립노인전문 평택병원,요양병원
"경기도 남양주시 수동면 외방로172번길 50, ()",경기도립노인전문남양주병원,요양병원
"경기도 동두천시 탑신로 536, (탑동동)",경기도립노인전문동두천병원,요양병원
"경기도 시흥시 하중로 285, 경기도립 노인전문 시흥병원 (광석동)",경기도립노인전문시흥병원,요양병원
"경기도 여주시 북내면 도예로 361-14, (북내면)",경기도립노인전문여주병원,요양병원
"경기도 용인시 기흥구 중부대로 940, (상하동)",경기도립노인전문용인병원,요양병원
"경기도 부천시 부천로 44, 지하1층 일부,1층일부,2~4층호 (심곡동)",경기요양병원,요양병원
"경기도 양주시 평화로1479번길 45, 경기웰니스요양병원 (덕계동)",경기웰니스요양병원,요양병원
"대구광역시 북구 동화천로 241, 4~7층 (연경동)",경대자연요양병원,요양병원
"대구광역시 서구 국채보상로 223, 대원빌딩 5~10층 (평리동)",경대재활요양병원,요양병원
"경상남도 양산시 상북면 양산대로 1870-64, ()",경상남도립양산노인전문병원,요양병원
"경상북도 경산시 경안로 23-10,  (상방동)",경상북도립경산노인전문요양병원,요양병원
"경상북도 김천시 어모면 신애길 100-10, ()",경상북도립김천노인전문요양병원,요양병원
"경상북도 안동시 남후면 남일로 1463, ()",경상북도립안동노인전문요양병원,요양병원
"경상북도 포항시 북구 용흥로 36, (용흥동)",경상북도포항노인전문요양병원,요양병원
"경상북도 경주시 현곡면 충현로 610-120, ()",경주시립노인전문요양병원,요양병원
"경상북도 경주시 태종로 572-0,  4호 (충효동,경주요양병원)",경주요양병원,요양병원
"서울특별시 도봉구 시루봉로 137, (방학동)",경희늘푸른노인전문병원,요양병원
"부산광역시 북구 만덕대로 106, (덕천동)",경희요양병원,요양병원
"경상남도 창원시 마산합포구 3·15대로 243, 7~11층 (중앙동3가)",경희요양병원,요양병원
"충청남도 계룡시 엄사면 향적산길 48-8, ()",계룡장수요양병원,요양병원
"경상북도 포항시 북구 흥해읍 새마을로 318-12, ()",고려대련요양병원,요양병원
"경기도 부천시 부일로 504, (심곡동)",고려수재활요양병원,요양병원
"인천광역시 남동구 구월로 305, 4층 ~ 8층 (만수동)",고려요양병원,요양병원
"울산광역시 울주군 온양읍 온양로 3, ()",고려요양병원,요양병원
"경상북도 고령군 대가야읍 중앙로 31, ()",고령군립요양병원,요양병원
"경기도 고양시 덕양구 중앙로 620, (화정동)",고양센트럴요양병원,요양병원
"인천광역시 중구 연안부두로21번길 11-12, (항동7가)",고은요양병원,요양병원
"대구광역시 남구 현충로 236, 2~6(4층 일부)층 (대명동)",고은재활요양병원,요양병원
"전라남도 고흥군 고흥읍 고흥로 1941, ()",고흥군공립노인전문요양병원,요양병원
"전라남도 곡성군 겸면 곡순로 1756, ()",곡성군립노인전문요양병원,요양병원
"전라남도 무안군 무안읍 몽탄로 51-12, ()",공립무안군노인전문요양병원,요양병원
"충청남도 공주시 치미마을길 4, (신관동)",공주에덴요양병원,요양병원
"충청남도 공주시 태봉위뜸길 25, (태봉동)",공주푸르메요양병원,요양병원
"부산광역시 사하구 낙동남로 1361, (하단동)",곽요양병원,요양병원
"경기도 용인시 수지구 광교중앙로 311, 우리상가 3층~9층 (상현동)",광교참좋은요양병원,요양병원
"경기도 광명시 오리로 352, (소하동, 이화프라자)",광명효요양병원,요양병원
"부산광역시 수영구 수영로536번길 71, (광안동)",광안더힐요양병원,요양병원
"부산광역시 수영구 광안해변로 292, 3~6층 (민락동)",광안정다운요양병원,요양병원
"부산광역시 수영구 광안해변로 235, (민락동)",광안참사랑요양병원,요양병원
"전라남도 광양시 진등길 91,  (마동)",광양시공립노인전문요양병원,요양병원
"광주광역시 동구 구성로 268, (계림동, 고려요양병원)",광주고려요양병원,요양병원
"광주광역시 북구 유림로 177, (동림동)",광주누가요양병원,요양병원
"광주광역시 광산구 첨단월봉로 99, (산월동)",광주보훈요양병원,요양병원
"광주광역시 광산구 삼도로 84-3, (삼거동)",광주시립제1요양병원,요양병원
"광주광역시 남구 덕남길 100, (덕남동)",광주시립제2요양병원,요양병원
"광주광역시 북구 동운로 29, (동림동)",광주연세요양병원,요양병원
"광주광역시 광산구 월계로 173-9, (월계동)",광주요양병원,요양병원
"전라남도 구례군 구례읍 동편제길 4, ()",구례요양병원,요양병원
"경기도 구리시 검배로 42, 2층,3층~6층 (수택동)",구리한빛요양병원,요양병원
"경기도 구리시 동구릉로 56, 영빈웨딩프라자 지하1층, 2층~5층 (인창동)",구리효요양병원,요양병원
"경상북도 구미시 장천면 산호대로 1391, ()",구미 푸른요양병원,요양병원
"경상북도 구미시 야은로 483,  (도량동)",구미가톨릭요양병원,요양병원
"경상북도 구미시 인동36길 89-0, (구평동)",구미숲요양병원,요양병원
"경상북도 구미시 야은로 37-1,  (부곡동)",구미시립노인요양병원,요양병원
"울산광역시 남구 두왕로 335, (신정동)",구인의료재단법인 오복요양병원,요양병원
"울산광역시 남구 번영로 15, (야음동)",국민요양병원,요양병원
"경상북도 청도군 화양읍 청화로 79-7, ()",군립청도노인요양병원,요양병원
"전라북도 군산시 대학로 183,  (문화동)",군산제일요양병원,요양병원
"경기도 군포시 군포로 493, (당동, 군포병원B동)",군포참요양병원,요양병원
"경상남도 거제시 거제면 거제남서로 3554, 3554",굿뉴스요양병원,요양병원
"서울특별시 성동구 천호대로 436, 2~7층 (용답동)",굿모닝요양병원,요양병원
"광주광역시 광산구 송촌길 51, 덕임요양병원 (송촌동)",굿모닝요양병원,요양병원
"부산광역시 남구 황령대로 355-14, (대연동)",그랜드자연요양병원,요양병원
"서울특별시 노원구 노원로 461, 대감프라자빌딩 3,4,5,6층 (상계동)",그레이스힐 요양병원,요양병원
"광주광역시 북구 북문대로 25-1, 지1, 1~4층 (운암동)",그린요양병원,요양병원
"경기도 화성시 우정읍 쌍봉로 465-4, ()",근로복지공단 경기요양병원,요양병원
"인천광역시 미추홀구 인주대로 452, (주안동, A동 지1층~6층, B동 5층~6층)",금강요양병원,요양병원
"충청남도 금산군 남일면 무금로 2145,",금산효사랑요양병원,요양병원
"부산광역시 연제구 중앙대로 1078, (연산동, 4,5층)",금정의료소비자생활협동조합 금송요양병원,요양병원
"부산광역시 금정구 금강로 638, (남산동)",금정형주요양병원,요양병원
"서울특별시 금천구 남부순환로 1400, 2~9층 (독산동)",금천수요양병원,요양병원
"부산광역시 기장군 기장읍 반송로 1644, ()",기장연세요양병원,요양병원
"대구광역시 수성구 수성로 228, 지하1~10층 (중동)",김신요양병원,요양병원
"경상북도 김천시 모암길 3,  (용두동)",김천요양병원,요양병원
"경기도 김포시 고촌읍 장차로5번길 5-17, 중원빌딩 B1,1~2,4층 6~12층호",김포 서울 대효요양병원,요양병원
"경기도 김포시 김포한강10로133번길 67, 지1-2층 (구래동)",김포다올요양병원,요양병원
"경기도 김포시 풍무로 20, 3-4층 (풍무동)",김포요양병원,요양병원
"서울특별시 강북구 월계로 183, (번동)",꿈의숲요양병원,요양병원
"인천광역시 서구 고산후로121번길 19, 새롬프라자 1~5층 (원당동)",나무요양병원,요양병원
"인천광역시 남동구 소래역남로16번길 20, 둘리프라자 (논현동)",나은요양병원,요양병원
"전라북도 전주시 덕진구 기린대로 951-0,  (여의동)",나은요양병원,요양병원
"전라남도 나주시 예향로 3782-0, (이창동)",나주광주요양병원,요양병원
"전라남도 나주시 영산로 5406, (성북동)",나주중앙요양병원,요양병원
"광주광역시 남구 효덕로303번길 12,  (송하동)",남구THE선요양병원,요양병원
"경상북도 구미시 금오대로 378,  (오태동)",남구미요양병원,요양병원
"충청북도 청주시 상당구 상당로 47-0, 2,3층 (남문로2가)",남궁요양병원,요양병원
"대구광역시 서구 서대구로 315, (비산동)",남대구요양병원,요양병원
"대전광역시 동구 산서로1660번길 142, (대별동)",남대전요양병원,요양병원
"부산광역시 북구 만덕대로 158, (덕천동)",남산정요양병원,요양병원
"서울특별시 구로구 남부순환로 1291, A동1,2,3,4,5,6,7층 B동 5,6,7층 (가리봉동)",남서울요양병원,요양병원
"경기도 남양주시 평내로29번길 41, 메인프라자 9층 (평내동)",남양주나무요양병원,요양병원
"경기도 남양주시 사릉로 13, (금곡동)",남양주정드림노인전문병원,요양병원
"전라북도 남원시 옥정4길 7, (향교동)",남원효사랑요양병원,요양병원
"경상남도 창녕군 남지읍 동포로 15, (남지읍)",남지요양병원,요양병원
"경상남도 남해군 남해읍 화전로 173-1, 남해노인전문병원",남해군립노인전문병원,요양병원
"서울특별시 강남구 헌릉로569길 21-40, 지하3~4층, 지하2층일부, 지하1층일부, 지상1층일부, 지상2~8층 (세곡동)",네이처요양병원,요양병원
"광주광역시 동구 동계천로 22, (대인동)",노벨요양병원,요양병원
"부산광역시 동래구 충렬대로 437, 안락동 요양병원 (안락동)",노블레스요양병원,요양병원
"울산광역시 남구 돋질로 277, 지하1층,지상1-8층 (삼산동)",노블레스요양병원,요양병원
"전라남도 나주시 남평읍 세남로 1566-3, ()",노블요양병원,요양병원
"서울특별시 강남구 언주로 858, 1관, 2관동 (신사동)",노블케어요양병원,요양병원
"대구광역시 중구 국채보상로139길 41, (동인동1가)",노아요양병원,요양병원
"서울특별시 노원구 덕릉로 690, 기업은행 2,3,4,5층 (중계동)",노원솔요양병원,요양병원
"서울특별시 금천구 시흥대로 202, 3,4층 (시흥동, 대의빌딩)",녹십자요양병원,요양병원
"경상남도 김해시 호계로 416, (부원동)",녹십자요양병원,요양병원
"충청남도 논산시 시민로331번길 5, (취암동)",논산사랑요양병원,요양병원
"충청남도 논산시 시민로294번길 11, (취암동)",논산시립노인전문병원,요양병원
"충청남도 논산시 생뫼길 20, (강산동)",논산하나요양병원,요양병원
"대구광역시 서구 국채보상로 232, 9~13층 (평리동)",뉴경대요양병원,요양병원
"전라남도 화순군 동면 운곡길 6-75, ()",뉴라이프요양병원,요양병원
"대구광역시 남구 대명로 275, (대명동)",뉴영대요양병원,요양병원
"제주특별자치도 제주시 관덕로 30, (삼도이동)",늘봄재활요양병원,요양병원
"전라남도 광양시 중마중앙로 134,  (중동)",늘편한요양병원,요양병원
"광주광역시 북구 우치로 20, (중흥동)",늘푸른요양병원,요양병원
"경상남도 창원시 진해구 충장로 181, (여좌동)",늘푸른요양병원,요양병원
"부산광역시 사상구 엄궁북로 32, (엄궁동)",늘행복요양병원,요양병원
"경기도 양평군 강하면 사호1길 51, 다나암요양병원",다나암요양병원,요양병원
"서울특별시 송파구 가락로 278, 지하1층~지상6층 (방이동)",다나움요양병원,요양병원
"충청남도 천안시 서북구 직산읍 석양길 4, ()",다나힐요양병원,요양병원
"부산광역시 북구 덕천로 339, (만덕동)",다사랑요양병원,요양병원
"대구광역시 달성군 다사읍 왕선로 31, 2~7층",다사요양병원,요양병원
"경기도 부천시 삼작로 286, 1,3,4,5층 (도당동)",다솜요양병원,요양병원
"대전광역시 동구 우암로 234, (가양동)",다솜요양병원,요양병원
"경기도 고양시 일산동구 성현로29번길 28-9, 지하1층, 1층~4층 (성석동)",다스람요양병원,요양병원
"부산광역시 해운대구 해운대로 604, 명성빌딩 5~10층 (우동)",다시봄요양병원,요양병원
"부산광역시 수영구 남천서로20번길 49, (남천동)",다온요양병원,요양병원
"경기도 부천시 장말로 192, 바로빌딩,지하1층,2~7층 (상동)",다온요양병원,요양병원
"광주광역시 북구 안산로 47-2, 지하1~지상5층 (오치동)",다온요양병원,요양병원
"경상남도 하동군 북천면 옥단로 515, (다온자연요양병원)",다온자연요양병원,요양병원
"광주광역시 북구 하서로 387, (양산동)",다움요양병원,요양병원
"서울특별시 영등포구 영중로 133, 2~5층 (영등포동8가)",닥터김앤박요양병원,요양병원
"충청북도 단양군 단양읍 별곡6길 10, ()",단양군립노인요양병원,요양병원
"부산광역시 해운대구 달맞이길117번나길 30, (중동)",달맞이요양병원,요양병원
"대구광역시 달성군 논공읍 달성군청로1길 8, ()",달성요양병원,요양병원
"충청남도 당진시 고대면 정미로 1055, ()",당진솔담요양병원,요양병원
"충청남도 당진시 신평면 말목길 22-13, (당진요양병원)",당진요양병원,요양병원
"충청남도 당진시 송악읍 본청길 96, 96",당진효제요양병원,요양병원
"경기도 안성시 양성면 미리내성지로 386-27, 386",대건효도병원,요양병원
"경상북도 성주군 선남면 도성3길 39-20, ()",대경효의료소비자생활협동조합 대경요양병원,요양병원
"대구광역시 서구 와룡로 298-13, (중리동)",대구광역시서부노인전문병원,요양병원
"대구광역시 수성구 유니버시아드로 365, 대구광역시시지노인전문병원 (욱수동)",대구광역시시지노인전문병원,요양병원
"대구광역시 달서구 성당로 223, (두류동)",대구명성요양병원,요양병원
"대구광역시 서구 북비산로 156, (평리동)",대구연세요양병원,요양병원
"대구광역시 남구 현충로 184, 대구요양병원 (대명동)",대구요양병원,요양병원
"대구광역시 달서구 월배로 120, 6~10층 (진천동)",대구행복요양병원,요양병원
"대구광역시 서구 달서로 35, (내당동)",대덕의료재단 보람요양병원,요양병원
"서울특별시 영등포구 가마산로 381, (대림동, 한세빌딩)",대림요양병원,요양병원
"서울특별시 영등포구 양평로 99, 지하2, 6~9층 (양평동4가, 대명빌딩)",대명요양병원,요양병원
"대구광역시 남구 대명로 86, 8~12층 (대명동)",대명휴요양병원,요양병원
"경상남도 김해시 인제로 127, (어방동)",대민의료생활협동조합김해요양병원,요양병원
"경기도 여주시 북내면 도예로 361-30, ()",대암의료재단시애노병원,요양병원
"경상남도 양산시 탑골길 310, (용당동)",대운산휴암요양병원,요양병원
"대전광역시 유성구 유성대로 1422, 1422",대전광역시립제1노인전문병원,요양병원
"대전광역시 동구 산내로 300, (하소동)",대전광역시립제2노인전문병원,요양병원
"대전광역시 동구 옥천로176번길 15-4,  (판암동)",대전그린의료소비자생활협동조합그린요양병원,요양병원
"대전광역시 동구 계족로 189,  (대동)",대전기독요양병원,요양병원
"대전광역시 동구 동부로 150- ,  (용운동)",대전동부요양병원,요양병원
"대전광역시 중구 인창로 35, (문창동)",대전보람요양병원,요양병원
"대전광역시 유성구 한밭대로492번길 26-30,  (봉명동)",대전연세요양병원,요양병원
"경기도 여주시 강천면 강천로 702, ()",대진요양병원,요양병원
"서울특별시 동대문구 장한로 200, (장안동, KS빌딩)",대한민국요양병원,요양병원
"광주광역시 남구 서문대로 758, 2~5층 (주월동)",대한요양병원,요양병원
"대구광역시 중구 중앙대로 297, 3~7층 (남산동)",대한요양병원,요양병원
"서울특별시 동대문구 한빛로 12, 지하1층 ~ 4층 (신설동)",더드림요양병원,요양병원
"경기도 의정부시 용민로 198, 월드본타워 4,8,9,10층 (민락동)",더드림요양병원,요양병원
"경기도 안산시 단원구 선부광장1로 38, 401~406호 (선부동, 상록타운)",더드림의료소비자생활협동조합미래요양병원,요양병원
"서울특별시 송파구 마천로 227, 보은빌딩 (마천동)",더사랑요양병원,요양병원
"서울특별시 구로구 경인로 218, 더세인트빌딩 B1.B중,3~15층 (오류동)",더세인트요양병원,요양병원
"전라북도 전주시 완산구 흑석2길 22,  (서서학동)",더숲요양병원,요양병원
"경기도 용인시 기흥구 용구대로 2252, 더원병원 (신갈동)",더원요양병원,요양병원
"서울특별시 노원구 화랑로 323, (월계동)",더조은요양병원,요양병원
"경상북도 포항시 북구 장량로 98-0,  (장성동)",더조은요양병원,요양병원
"경기도 화성시 경기대로 1020, 병점 우즈베리 (병점동)",더퍼스트요양병원,요양병원
"경기도 부천시 소사로 236, 이레빌딩 1층일부,4층일부,5층,6층 (소사본동)",더편한소사요양병원,요양병원
"인천광역시 남동구 미래로 45, 벤처빌딩 2,3,4,5,7층 (구월동)",더행복요양병원,요양병원
"부산광역시 북구 기찰로 2-1, (덕천동)",덕천요양병원,요양병원
"강원도 삼척시 도계읍 강원남부로 632-0,",도경요양병원,요양병원
"인천광역시 미추홀구 경인로 302, (도화동)",도화요양병원,요양병원
"경기도 양주시 백석읍 기산로440번길 106, ()",돌담요양병원,요양병원
"경기도 고양시 일산동구 숲속마을로 18, 웰빙타운 5~8층 4층 403,404호 (풍동)",동국마음요양병원,요양병원
"대구광역시 동구 신암남로 159, (신암동)",동대구요양병원,요양병원
"경기도 동두천시 광암로 7, 동두천제일요양병원 (광암동)",동두천제일요양병원,요양병원
"경기도 용인시 기흥구 동백중앙로 269, 동백벤포스타 5~9층 (중동)",동백요양병원,요양병원
"서울특별시 강동구 올림픽로98길 8, (암사동, 동부센트럴요양병원)",동부센트럴요양병원,요양병원
"서울특별시 광진구 동일로 154, (화양동)",동부참사랑요양병원,요양병원
"광주광역시 북구 대자실로 33,  (운암동)",동서THE선요양병원,요양병원
"서울특별시 성북구 동소문로 306, (하월곡동)",동서요양병원,요양병원
"경기도 수원시 장안구 경수대로 762, (연무동)",동서요양병원,요양병원
"충청남도 서천군 화양면 활산로 245, 동서천요양병원",동서천요양병원,요양병원
"경기도 동두천시 탑신로 522, 지하1층, 1층 (탑동동)",동원노인전문병원,요양병원
"경기도 고양시 일산동구 일산로 439, 지하1~2층 지상2~5층호 (정발산동)",동원요양병원,요양병원
"강원도 동해시 동해대로 5143, 동해금강요양병원 (효가동)",동해금강요양병원,요양병원
"강원도 동해시 중앙로 218, 218",동해요양병원,요양병원
"강원도 동해시 덕골길 76-40,  (천곡동)",동해이레요양병원,요양병원
"광주광역시 북구 무등로 226, (신안동)",동행요양병원,요양병원
"대전광역시 서구 대덕대로 238-0, 5층,9~11층",둔산엔젤요양병원,요양병원
"대전광역시 서구 둔산중로 38-0, 둔산메트로존(9,10층)",둔산요양병원,요양병원
"제주특별자치도 제주시 조천읍 번영로 957, ()",드림힐 요양병원,요양병원
"울산광역시 남구 봉월로 161, 2-5층 (신정동)",따사랑요양병원,요양병원
"충청남도 공주시 우성면 통천포길 333, ()",라온요양병원,요양병원
"경기도 성남시 중원구 양현로405번길 13, 지하3층.2~10층 (여수동)",라온힐요양병원,요양병원
"인천광역시 남동구 경인로 520, 탑프라자2 5,6층일부7~10층 (간석동)",라이온요양병원,요양병원
"경기도 하남시 미사강변대로 42, DK골드타워 3~7층 (풍산동)",라이프요양병원,요양병원
"인천광역시 남동구 구월로 135, (간석동)",라임요양병원,요양병원
"충청남도 논산시 강경읍 대흥로 45-1, ()",라파엘 요양병원,요양병원
"부산광역시 사하구 다대로 544, 3-4층 (다대동, 진요빌딩)",라파요양병원,요양병원
"충청남도 천안시 동남구 청수로 123-11, (구성동)",로고스요양병원,요양병원
"인천광역시 미추홀구 주안로 211, 지엔엠빌딩(1층 일부 ~ 9층) (주안동)",로뎀요양병원,요양병원
"경기도 동두천시 삼육사로 1012, (생연동)",로젠요양병원,요양병원
"경기도 광명시 디지털로 25, (철산동, 청덕빌딩)",로하스광명요양병원,요양병원
"서울특별시 중랑구 봉화산로 194, 신아타운 4,5층 (신내동)",로하스동서울요양병원,요양병원
"경기도 동두천시 강변로 422, (생연동)",로하스요양병원,요양병원
"경기도 용인시 처인구 금령로 21, 메디타워 2층일부(201호) 및 3~10층 (김량장동)",로하스용인요양병원,요양병원
"인천광역시 연수구 벚꽃로 114, 브랫슬 7~8층 (연수동)",로하스인천요양병원,요양병원
"서울특별시 영등포구 경인로77길 6, (문래동2가)",로하스참사랑요양병원,요양병원
"경기도 고양시 덕양구  호국로 804, (성사동)",로하스클로버요양병원,요양병원
"경상북도 경산시 원효로 172-0, (사동)",리암요양병원,요양병원
"경기도 안성시 보개면 남사당로 196-61, 196",마노요양병원,요양병원
"전라남도 화순군 춘양면 개천로 249, ()",마루요양병원,요양병원
"서울특별시 영등포구 영중로 122, (영등포동8가, 일이빌딩)",마리아성모요양병원,요양병원
"경기도 남양주시 화도읍 마석중앙로 50-1, ()",마석기독요양병원,요양병원
"서울특별시 마포구 성산로4길 33, 마포요양병원 지하1~5층 (성산동)",마포요양병원,요양병원
"경기도 남양주시 수동면 지둔로445번길 33-51, 매그너스요양병원",매그너스요양병원,요양병원
"경기도 고양시 일산서구 일현로 53, 1,4,5-8층 (탄현동)",메디누리요양병원,요양병원
"서울특별시 강남구 강남대로 276, (도곡동)",메디움강남요양병원,요양병원
"경기도 수원시 장안구 팔달로 235, (영화동, 메디움수원요양병원)",메디움수원요양병원,요양병원
"충청남도 천안시 동남구 유량로 180, (유량동, 메디움천안요양병원)",메디움천안요양병원,요양병원
"전라남도 순천시 양율길 306,  (인월동)",메디팜요양병원,요양병원
"전라북도 익산시 인북로4길 59, (인화동2가)",메디하우스요양병원,요양병원
"경기도 안양시 만안구 안양로 115, (안양동, 지상2,3,4,5,6층)",메디하임효병원,요양병원
"경기도 용인시 수지구 현암로 164, 신주프라자 306호,4층,603호~608호 (죽전동)",메디하임효요양병원,요양병원
"경기도 파주시 파평면 청송로652번길 14, 외2필지",메디힐요양병원,요양병원
"경기도 수원시 팔달구 경수대로565번길 51, (인계동)",메이저요양병원,요양병원
"경기도 부천시 평천로 724, (삼정동)",메이플요양병원,요양병원
"경상남도 창원시 진해구 용원로 37, (용원동, 블루마운틴)",메트로요양병원,요양병원
"대구광역시 남구 중앙대로 227, 주1(지하1~5)층 ,주2(지하1~3)층호 (대명동)",명덕효요양병원,요양병원
"전라남도 담양군 대덕면 창평현로 1063, ()",명문요양병원,요양병원
"서울특별시 강서구 양천로 715, 지하3층~8층 (염창동)",모나리자요양병원,요양병원
"서울특별시 구로구 중앙로 91, 본소클리닉스 (고척동)",목동현대요양병원,요양병원
"전라남도 목포시 용당로 334-0,  (용해동)",목포더좋은요양병원,요양병원
"전라남도 목포시 영산로 627,  (석현동)",목포재활요양병원,요양병원
"광주광역시 남구 봉선1로 114, 2~6층, 지하1층 (봉선동)",무등요양병원,요양병원
"경기도 고양시 일산서구 덕이로 212, (덕이동, 백송프라자 3,4층 일부)",무지개요양병원,요양병원
"경상북도 문경시 영신영강길 30-0, (영신동)",문경점촌요양병원,요양병원
"강원도 원주시 문막읍 문막시장1길 16-0,",문막요양병원,요양병원
"대구광역시 달성군 다사읍 달구벌대로109길 12-6, 1~4층",문양요양병원,요양병원
"대구광역시 북구 칠곡중앙대로 215, 지하2층, 1층~7층 (태전동)",문요양병원,요양병원
"부산광역시 동래구 아시아드대로 239-1, (온천동)",미남동의요양병원,요양병원
"경기도 군포시 삼성로8번길 4-20, (부곡동)",미라클요양병원,요양병원
"전라북도 김제시 금구면 낙산1길 72, ()",미래요양병원,요양병원
"경기도 하남시 미사대로 424, 트레비타워 4~8층 (망월동)",미사강변요양병원,요양병원
"부산광역시 해운대구 아랫반송로6번길 37, (반송동)",미소요양병원,요양병원
"광주광역시 서구 내방로 434, 버킹검웨딩타운 1-5층층 (농성동)",미소요양병원,요양병원
"전라남도 화순군 도곡면 고인돌1로 282-14, 282",미소요양병원,요양병원
"인천광역시 미추홀구 한나루로 505, (용현동, 조흥빌딩 2층 ~6층)",미추홀숲요양병원,요양병원
"강원도 원주시 판부면 치악로 1139,",바른요양병원,요양병원
"대구광역시 동구 해동로 119, 지하1,지상1~3층 (입석동)",바른요양병원,요양병원
"울산광역시 동구 중진길 60, (방어동)",방어진마린요양병원,요양병원
"전라남도 담양군 창평면 의병로 196, ()",백담의료재단 한울요양병원,요양병원
"충청남도 천안시 서북구 백석5길 4, (백석동)",백석요양병원,요양병원
"대전광역시 중구 대종로 437-0, 백세병원",백세요양병원,요양병원
"광주광역시 서구 천변좌로316번길 4, 1~5층 (양동)",백세요양병원,요양병원
"인천광역시 부평구 마장로 68, (십정동, K빌딩, 지하1층,지상1층(일부),지상2~8층)",백운요양병원,요양병원
"광주광역시 남구 독립로 8, (백운동)",백운요양병원,요양병원
"전라남도 화순군 화순읍 대교로 147-10, ()",백재활요양병원,요양병원
"울산광역시 울주군 범서읍 구영로 94, 엠프라자 3,7,8층",범서사랑요양병원,요양병원
"경기도 시흥시 평안상가5길 19, 스마일요양병원 본관동 (정왕동)",베드로요양병원,요양병원
"경기도 용인시 기흥구 흥덕2로105번길 6, 6~9층 (영덕동, 흥덕U프라자)",베스트안요양병원,요양병원
"경기도 여주시 가남읍 경충대로961번길 2-15, 2",베스트요양병원,요양병원
"경기도 안산시 상록구 선진안길 17, (사동, e-서울병원)",베스트힐스요양병원,요양병원
"대전광역시 유성구 지족로364번길 19-0, 2층 (지족동)",벤조인요양병원,요양병원
"전라북도 전주시 덕진구 조경단로 77, (금암동)",벧엘요양병원,요양병원
"경기도 남양주시 별내2로 74, 5층,6층 (별내동, 별내동 JS타워)",별내요양병원,요양병원
"전라남도 화순군 화순읍 서양로 372, ()",보궁요양병원,요양병원
"부산광역시 금정구 중앙대로 1961, (구서동)",보람요양병원,요양병원
"울산광역시 울주군 온양읍 덕남로 233, ()",보람요양병원,요양병원
"충청남도 보령시 청라면 질재로 373, (청라면)",보령시립노인전문병원,요양병원
"서울특별시 성북구 보문로 46, (보문동7가)",보문효사랑요양병원,요양병원
"경기도 성남시 분당구 대왕판교로 155-7, (금곡동, 보바스기념병원)",보바스기념병원,요양병원
"부산광역시 동구 범일로 124, (범일동)",보생요양병원,요양병원
"전라남도 보성군 벌교읍 남하로 4-10, ()",보성군립 노인전문요양병원,요양병원
"경기도 부천시 소사로 742, 세라메디컬센터 지하1층일부,2층,3층일부,4~6층 (원종동)",보성요양병원,요양병원
"전라남도 보성군 벌교읍 녹색로 4816-15, (벌교읍)",보성요양병원,요양병원
"대전광역시 서구 도산로 224, (변동)",보아스요양병원,요양병원
"경상남도 창원시 마산회원구 3·15대로 850, 복음요양병원 (합성동)",복음요양병원,요양병원
"울산광역시 북구 제내1길 6, (신천동)",복음요양병원,요양병원
"인천광역시 남동구 인주대로 806, (구월동)",봄날요양병원,요양병원
"경상북도 포항시 북구 장량로31번길 56,  (장성동)",봄요양병원,요양병원
"경상북도 봉화군 봉화읍 보밑길 9, ()",봉화군립노인전문요양병원,요양병원
"부산광역시 금정구 부곡로 56, (부곡동)",부곡요양병원,요양병원
"경상북도 경산시 와촌면 하양로 359, (와촌면)",부림요양병원,요양병원
"대전광역시 동구 우암로 159, 159",부모사랑요양병원,요양병원
"전라남도 목포시 영산로 620-1,  (석현동)",부부요양병원,요양병원
"부산광역시 연제구 월드컵대로 359, (거제동)",부산노인전문제2병원,요양병원
"부산광역시 해운대구 해운대로469번가길 77, (우동)",부산노인전문제3병원,요양병원
"부산광역시 사하구 동매로44번길 4, (하단동)",부산노인전문제4병원,요양병원
"부산광역시 북구 함박봉로 98, (만덕동)",부산시노인전문제1병원,요양병원
"전라북도 부안군 부안읍 봉두길 68, ()",부안군노인요양병원,요양병원
"전라북도 부안군 행안면 염소로 25, 25",부안효요양병원,요양병원
"충청남도 부여군 규암면 반산로 39, ()",부여노인전문병원,요양병원
"충청남도 부여군 초촌면 소호로 71, (초촌면)",부여효요양병원,요양병원
"경기도 부천시 석천로178번길 18, (중동)",부천미소요양병원,요양병원
"경기도 부천시 부일로 522, 1층~8층 (심곡동, 일죽스포렉스빌딩)",부천삼성요양병원,요양병원
"경기도 부천시 까치로 26, (작동)",부천시립노인전문병원,요양병원
"경기도 부천시 길주로 321, (중동)",부천요양병원,요양병원
"인천광역시 부평구 마장로 449, (청천동)",부평성심요양병원,요양병원
"인천광역시 부평구 부흥로 329, 7층 (부평동, 로얄프라자)",부평세연요양병원,요양병원
"경상남도 창원시 의창구 북면 천주로 1092, ()",북면이화요양병원,요양병원
"서울특별시 강북구 한천로 1002, 북서울요양병원 (번동)",북서울요양병원,요양병원
"경기도 성남시 분당구 양현로94번길 17, 지1층~5층 (이매동)",분당센트럴요양병원,요양병원
"경기도 성남시 분당구 판교로 473, 2,3,4,6층 (야탑동, ROOKIE 1129)",분당수요양병원,요양병원
"경기도 성남시 분당구 양현로375번길 31, 지하1층,1,2,3층 (야탑동)",분당연세요양병원,요양병원
"경기도 양평군 용문면 중원산로490번길 30, ()",브니엘노인전문병원,요양병원
"경상북도 성주군 선남면 운용로 1543-107, ()",비에스(BS)요양병원,요양병원
"경기도 남양주시 진접읍 해밀예당2로 217-38, ()",비오람요양병원,요양병원
"전라남도 화순군 도곡면 온천1길 59, ()",비오메드요양병원,요양병원
"인천광역시 계양구 계산새로 71, C동 11,12,13층 (계산동, 하이베라스)",빅토리아요양병원,요양병원
"광주광역시 북구 태봉로 46, 1～7층 (유동)",빛고을요양병원,요양병원
"인천광역시 남동구 논고개로 77, 에코타워 7,8층 (논현동)",뿌리요양병원,요양병원
"부산광역시 부산진구 새싹로 186, (연지동)",사단법인청색회 연지그린요양병원,요양병원
"경상남도 김해시 대청로210번길 24, 장유엔트로빌딩 7,8,9층 (대청동)",사단법인한국경로복지회 우리요양병원,요양병원
"경기도 군포시 군포로573번길 3, (당동, 럭키베스트빌 201,301,401호)",사랑애요양병원,요양병원
"서울특별시 서대문구 수색로 131, (북가좌동)",사랑요양병원,요양병원
"부산광역시 금정구 중앙대로 1590, (부곡동)",사랑요양병원,요양병원
"전라북도 전주시 완산구 덕적골1길 69,  (평화동1가)",사랑요양병원,요양병원
"전라남도 여수시 봉산남3길 9, (봉산동)",사랑재활요양병원,요양병원
"부산광역시 동래구 충렬대로 97, (온천동)",사직요양병원,요양병원
"대전광역시 동구 산내로560번길 18-11,  (상소동)",사회복지법인 금성복지재단 보광노인전문병원,요양병원
"부산광역시 북구 백양대로1048번길 10, (구포동)",사회복지법인 동남복지재단 부산은빛요양병원,요양병원
"경기도 화성시 마도면 화성로888번길 42, ()",사회복지법인 상록원 상록요양병원,요양병원
"전라북도 완주군 소양면 해월신왕길 65, ()",사회복지법인 성바오로애덕원 성바오로복지병원,요양병원
"제주특별자치도 제주시 동광로 96, 동부빌딩 지하2, 지상3층 (이도이동)",사회복지법인인효원제주복지요양병원,요양병원
"대전광역시 동구 산내로1287번길 71-14, (낭월동)",산내효요양병원,요양병원
"광주광역시 광산구 풍영정길 227-1, (신창동)",산들요양병원,요양병원
"경상남도 산청군 금서면 친환경로2605번길 69, 산청요양병원",산청요양병원,요양병원
"경기도 군포시 번영로 516, 삼경크리닉센타 B01, 301, 302, 303호, 5, 6, 7층호 (금정동)",삼경요양병원,요양병원
"경기도 화성시 효행로 1051, 메인프라자 6일부,7, 8일부층 (진안동)",삼성우리요양병원,요양병원
"부산광역시 사상구 대동로 95, 5층, 8~10층 (학장동)",삼인요양병원,요양병원
"울산광역시 남구 북부순환도로 58, 1~7층 (무거동)",삼호요양병원,요양병원
"경기도 여주시 강천면 걸촌동길 33-4, ()",상경원인터메드요양병원,요양병원
"광주광역시 광산구 월계로 217,  (쌍암동)",상그릴라요양병원(일반요양병원),요양병원
"울산광역시 동구 진성8길 94, 상록수요양병원 (전하동)",상록수요양병원,요양병원
"광주광역시 서구 운천로 225, 지하2, 지상1~8층 (치평동, 상무힐타워)",상무힐링요양병원,요양병원
"대구광역시 달서구 월배로 247, 지하1층, 지상2,3,4,5층 (상인동)",상인요양병원,요양병원
"경상북도 상주시 용마로 190-45,  (도남동)",상주시립요양병원,요양병원
"대구광역시 북구 학정로 103, 지하1, 1~4층 (태전동)",새결요양병원,요양병원
"충청남도 금산군 금산읍 비단로 183, (금산읍)",새금산요양병원,요양병원
"부산광역시 남구 석포로26번길 17, (감만동)",새라새요양병원,요양병원
"서울특별시 성북구 동소문로 215, (정릉동)",새마음요양병원,요양병원
"서울특별시 강서구 국회대로 233, (화곡동)",새미래요양병원,요양병원
"경기도 남양주시 오남읍 진건오남로884번길 22-20, ()",새봄요양병원,요양병원
"대전광역시 동구 신기로 123-20, (가오동)",새봄요양병원,요양병원
"서울특별시 강서구 화곡로61길 109, 천수빌딩 2,3,4,5층 (등촌동)",새빛요양병원,요양병원
"부산광역시 해운대구 해운대로 802, 10층 (좌동)",새생명요양병원,요양병원
"울산광역시 남구 돋질로 84, (달동)",새생명요양병원,요양병원
"인천광역시 부평구 마장로 246, 새올 요양병원 (산곡동)",새올요양병원,요양병원
"경상남도 양산시 서창동1길 7, (삼호동)",새웅상요양병원,요양병원
"인천광역시 남동구 논고개로123번길 17, 아이플랙스 11층(논현동) (논현동)",새인천요양병원,요양병원
"경기도 고양시 덕양구 토당로67번길 2, (토당동)",새찬요양병원,요양병원
"전라북도 군산시 옥구읍 옥구남로 152-0,  1동 (희망요양병원)",새희망요양병원,요양병원
"광주광역시 남구 효우1로 12, 지하1층 일부, 1층 일부, 501, 601, 701호 (행암동)",새희망요양병원,요양병원
"전라북도 정읍시 정읍북로 42-54,  1동 (구룡동,샘고을요양병원)",샘고을요양병원,요양병원
"경기도 양평군 용문면 우나람길 63, ()",생생우리누리요양병원,요양병원
"광주광역시 서구 금화로 59, 1,2,3,4,5층 (금호동)",서광요양병원,요양병원
"광주광역시 서구 개금길 61, 지하1~4층 (매월동, 서광주청연요양병원)",서광주청연요양병원,요양병원
"부산광역시 금정구 서동로 172, (서동)",서동제일요양병원,요양병원
"경상남도 창원시 의창구 남산로17번길 28, 2층, 3층 (팔용동, 팔용에이스빌딩 2,3층)",서라벌요양병원,요양병원
"인천광역시 서구 도곡로 172-5, 서온요양병원 가동 지하1~2, 2~4층 나동전체호 (대곡동)",서온요양병원,요양병원
"경상북도 경산시 계양로 193,  (계양동)",서요양병원,요양병원
"경기도 양주시 고읍남로 36, 골든스퀘어 3~6층 (광사동)",서울 대효 요양병원,요양병원
"인천광역시 서구 가정로 270, (석남동)",서울닥터스요양병원,요양병원
"경기도 광명시 오리로 518, 7,8,9,10층 (소하동, 대교빌딩)",서울대효요양병원,요양병원
"인천광역시 서구 염곡로464번길 11, 루원탑프라자 4~8층 (가정동)",서울대효청라요양병원,요양병원
"경기도 구리시 검배로 37, 동진스카이빌딩 5~10층 (수택동)",서울라이즈요양병원,요양병원
"서울특별시 구로구 경인로 297, 오류빌딩 (개봉동)",서울브이아이피(VIP)요양병원,요양병원
"서울특별시 도봉구 삼양로 574, 2~5층 (쌍문동)",서울사랑요양병원,요양병원
"서울특별시 영등포구 선유로 51, 파인그라드빌딩 b1~8층 (문래동6가)",서울삼성요양병원,요양병원
"경기도 수원시 권선구 금곡로118번길 10, 일담타워 4~6층 (금곡동)",서울삼성호매실요양병원,요양병원
"서울특별시 영등포구 경인로 767, (문래동3가)",서울센트럴요양병원,요양병원
"서울특별시 강동구 고덕로 295-60, 원케어메디컬타운 (고덕동)",서울숲요양병원,요양병원
"서울특별시 양천구 중앙로 181, 복합메디컬타운 3~8층 (신정동)",서울스마트요양병원,요양병원
"경기도 파주시 와석순환로 507, 월드타워9 3층 일부,4,5층 (311,312)호 (와동동)",서울암요양병원,요양병원
"서울특별시 동대문구 고산자로 379, (용두동)",서울에이스요양병원,요양병원
"서울특별시 송파구 삼학사로 53, 태영빌딩 (삼전동)",서울연세요양병원,요양병원
"경기도 의왕시 안양판교로 101, (포일동)",서울와이즈요양병원,요양병원
"경기도 동두천시 천보산로 504, (탑동동)",서울요양병원,요양병원
"경기도 평택시 오리곡길 30, (독곡동)",서울요양병원,요양병원
"부산광역시 북구 화명대로 42, (화명동)",서울우리요양병원,요양병원
"경기도 성남시 수정구 헌릉로 999, 센트럴메디타운 2층,3층,4층 일부 (창곡동)",서울위례바이오요양병원,요양병원
"서울특별시 영등포구 양평로22사길 9, (양평동5가)",서울은빛요양병원,요양병원
"서울특별시 양천구 가로공원로 81, 지하1층~지상5층 (신월동)",서울제일요양병원,요양병원
"서울특별시 서대문구 충정로 71-5, (충정로2가)",서울중앙요양병원,요양병원
"서울특별시 강동구 올림픽로 684, (천호동)",서울현대요양병원,요양병원
"서울특별시 성동구 동일로 93, (성수동2가)",서울효사랑요양병원,요양병원
"서울특별시 송파구 중대로 191, 서울힐링요양병원 (가락동)",서울힐링요양병원,요양병원
"충청북도 청주시 서원구 남이면 남석로 316-26, 서원요양병원",서원요양병원,요양병원
"경상남도 김해시 김해대로2492번길 54-7, (삼정동)",서종요양병원,요양병원
"충청남도 서천군 종천면 충서로302번길 88-12, (종천면)",서천군립노인요양병원,요양병원
"충청남도 서천군 서천읍 삼산북길 56, 56",서천요양병원,요양병원
"충청남도 서천군 마서면 어리길 205-7, ()",서천한국요양병원,요양병원
"서울특별시 서초구 방배천로2길 22, (방배동)",서초프라임요양병원,요양병원
"전라북도 고창군 고창읍 석정2로 139-0, ()",석정웰파크요양병원,요양병원
"부산광역시 사하구 다대로 616, (다대동)",선안요양병원,요양병원
"경상북도 경산시 중앙로16길 49,  (삼북동)",선요양병원,요양병원
"서울특별시 노원구 동일로 1419, 9층~11층 (상계동)",선의요양병원,요양병원
"경기도 안양시 만안구 안양로 325-1, (안양동)",선진병원(요양병원),요양병원
"부산광역시 서구 구덕로200번길 8, (부민동1가)",선하요양병원,요양병원
"경기도 광주시 경충대로1926번길 119, (탄벌동, 연세대학교의과대학세브란스정신건강병원)",선한빛요양병원,요양병원
"충청남도 천안시 동남구 정골2길 91, (구성동)",선한이웃요양병원,요양병원
"경기도 성남시 중원구 광명로 299, 행림빌딩 지하1층,3~8층 (금광동)",성남요양병원,요양병원
"인천광역시 계양구 아나지로 378, (작전동)",성로요양병원,요양병원
"경기도 성남시 분당구 새나리로 13, (야탑동)",성모요양병원,요양병원
"전라북도 전주시 덕진구 가리내로 118, (덕진동1가)",성모요양병원,요양병원
"울산광역시 남구 돋질로 293, (삼산동)",성모요양병원,요양병원
"경상남도 창원시 의창구 사림로45번길 4-11, (사림동)",성미카엘요양병원,요양병원
"서울특별시 성북구 종암로 31, (종암동)",성북서울요양병원,요양병원
"서울특별시 성북구 보문로 86, (보문동4가)",성북웰니스요양병원,요양병원
"부산광역시 동래구 시실로 12, (명륜동)",성산현대요양병원,요양병원
"대구광역시 달서구 문화회관1안길 29, (장기동)",성서요양병원,요양병원
"서울특별시 금천구 범안로 1191, (독산동)",성신고려요양병원,요양병원
"경기도 광주시 중앙로349번길 25, (송정동)",성심요양병원,요양병원
"대전광역시 서구 갈마로 45-0,  (갈마동)",성심요양병원,요양병원
"대구광역시 남구 대명로 14, (대명동)",성심요양병원,요양병원
"경기도 안양시 만안구 안양로 102, 2,3,4,5층 (안양동, 현대센타빌딩)",성심힐요양병원,요양병원
"경기도 안성시 남파로 169, (당왕동)",성요셉병원,요양병원
"대구광역시 달성군 논공읍 논공로 210, (외 1필지(남리 717))",성요셉요양병원,요양병원
"경상남도 창원시 마산회원구 내서읍 함마대로 2694-72, ()",성운요양병원,요양병원
"경상남도 거창군 거창읍 거창대로 55, (성은주상복합빌딩)",성은효요양병원,요양병원
"경기도 동두천시 광암로17번길 10, (광암동)",성지요양병원,요양병원
"경기도 오산시 수목원로 462, 3,6,7층 (금암동, 무한메디칼)",세교요양병원,요양병원
"울산광역시 북구 호계로 296, (호계동, 세나병원)",세나요양병원,요양병원
"경기도 오산시 수목원로 606, 오산세교CL타워 7,8,9층 (세교동)",세마그린요양병원,요양병원
"인천광역시 미추홀구 아암대로 53, 3~10층 (용현동)",세움요양병원,요양병원
"부산광역시 서구 충무대로 246, 101동 2층 203호 (남부민동, 현대타운)",세원요양병원,요양병원
"부산광역시 동래구 여고로 5, (사직동)",세인요양병원,요양병원
"광주광역시 동구 천변우로 453,  (금동)",세종요양병원,요양병원
"충청남도 공주시 정안면 장원길 345-33, ()",세종프라임요양병원,요양병원
"부산광역시 해운대구 APEC로 17, 센텀리더스마크, 1.2층일부, 3층, 5~8층 (우동)",센텀이루다요양병원,요양병원
"부산광역시 수영구 수영로 671, 5층~11층 (광안동)",센텀해인요양병원,요양병원
"대구광역시 북구 연암로 111, 지하1층,지상1~6층 (산격동)",센트럴요양병원,요양병원
"경기도 파주시 문산읍 문향로 93, 1,2,3,5,6층",소망요양병원,요양병원
"경상남도 함안군 칠원읍 용산2길 45-15, ()",소명요양병원,요양병원
"강원도 속초시 온천로 291-0,  (교동)",속초우리요양병원,요양병원
"강원도 속초시 동해대로 4084, (조양동)",속초정요양병원,요양병원
"부산광역시 서구 암남공원로 522, (암남동)",송도요양병원,요양병원
"인천광역시 미추홀구 아암대로253번길 36, 1~2층 일부, 3~6층 (학익동)",송도하나요양병원,요양병원
"인천광역시 연수구 능허대로 235, (옥련동, 송도효자병원)",송도효자병원,요양병원
"경기도 양주시 백석읍 기산로471번길 1-13, ()",송추요양병원,요양병원
"경기도 양주시 장흥면 호국로 439-22, ()",송추효사랑요양병원,요양병원
"경기도 양주시 장흥면 가마골로258번길 100, (송추효요양병원)",송추효요양병원,요양병원
"서울특별시 송파구 마천로 238, 윤진프라자타워 (마천동)",송파그랜드요양병원,요양병원
"서울특별시 송파구 오금로 488, 삼원빌딩 (거여동)",송파새희망요양병원,요양병원
"대구광역시 달서구 월배로 384, (송현동)",송현효요양병원,요양병원
"대구광역시 수성구 동대구로 245, (범어동)",송효의료재단효산요양병원,요양병원
"경기도 남양주시 수동면 비룡로 801-88, ()",수동연세요양병원,요양병원
"경기도 부천시 부일로 448, 프리존 빌딩 6,7층 601,607,608,701,707,708호 (심곡동)",수목요양병원,요양병원
"대구광역시 수성구 희망로 219, (황금동, 수성명가요양병원)",수성명가요양병원,요양병원
"대구광역시 수성구 동대구로 148, (황금동, 수성요양병원)",수성요양병원,요양병원
"대구광역시 수성구 동대구로 64, 6~12,13 일부층 (지산동)",수성제니스요양병원,요양병원
"광주광역시 광산구 풍영로 214, 4,5,6,9,10층 (장덕동)",수완탑요양병원,요양병원
"광주광역시 광산구 사암로 676, (장덕동)[*미고시]",수완행복한요양병원,요양병원
"전라북도 익산시 중앙로1길 23-0,  (창인동1가)",수요양병원,요양병원
"전라남도 광양시 광양읍 덕산4길 35-4, ()",수요양병원,요양병원
"경기도 수원시 팔달구 팔달로 24, (고등동)",수원브이아이피요양병원,요양병원
"경기도 수원시 장안구 장안로 108, (정자동)",수원삼성요양병원,요양병원
"경기도 수원시 권선구 금곡로197번길 18-24, 호매실애비뉴8번가 4~7층 (금곡동)",수원센트럴요양병원,요양병원
"경기도 수원시 영통구 매영로 229, (원천동)",수원요양병원,요양병원
"경기도 수원시 권선구 금곡로 206, 호매실우성메디피아2 304호, 4~5층 (금곡동)",수원하나요양병원,요양병원
"경기도 수원시 장안구 장안로 243, (정자동)",수원행복한요양병원,요양병원
"경기도 수원시 장안구 송원로 57, (송죽동)",수원효요양병원,요양병원
"충청남도 당진시 남부로 138, (채운동)",수청요양병원,요양병원
"전라북도 순창군 순창읍 순창로 105, ()",순창요양병원,요양병원
"전라남도 순천시 봉화로 62,  (조곡동)",순천생협요양병원,요양병원
"전라남도 순천시 중앙초등길 10-0,  1동 (풍덕동)",순천정원요양병원,요양병원
"인천광역시 남동구 논현로26번길 6, 에이스프라자 2, 4~9층 (논현동)",스마일요양병원,요양병원
"광주광역시 서구 상무누리로 75, (치평동)",스마일요양병원,요양병원
"대구광역시 수성구 화랑로 26, 2,3,4층 (만촌동, 만촌우방하이츠)",스위스요양병원,요양병원
"서울특별시 도봉구 방학로 177, (방학동)",스카이요양병원,요양병원
"경기도 오산시 청학로 264, W-타워 3-8층 (수청동)",스타트요양병원,요양병원
"경상남도 창원시 마산합포구 현동로 15, (우산동)",시립마산요양병원,요양병원
"경상북도 문경시 문경읍 여우목로 31, ()",시립문경요양병원,요양병원
"경상남도 창원시 의창구 북면 단내로 499-32, ()",시립창원요양병원,요양병원
"대전광역시 중구 보문산로 359, (문화동)",시민요양병원,요양병원
"서울특별시 성동구 자동차시장1길 85, 지하1,지상3~5층 (용답동, JS빌딩)",시온요양병원,요양병원
"경상북도 포항시 북구 죽도로 21,  (죽도동)",시티요양병원,요양병원
"경상남도 창원시 의창구 대봉로26번길 12-3, (봉림동)",시티요양병원,요양병원
"경기도 시흥시 비둘기공원1길 7, 1~8층 (대야동)",시흥더봄요양병원,요양병원
"경기도 시흥시 승지로59번길 12, 시티타워 5~8층 (능곡동)",시흥서울대효요양병원,요양병원
"경상북도 경주시 건천읍 단석로 1593-9, (건천읍)",신경주요양병원,요양병원
"부산광역시 부산진구 가야대로 564, 지하1~지상6층 (가야동)",신라요양병원,요양병원
"경상남도 양산시 월라2길 45, (덕계동)",신세계요양병원,요양병원
"전라남도 신안군 압해읍 구항길 92-50, ()",신안군공립요양병원,요양병원
"경기도 양주시 백석읍 기산로440번길 102, ()",신안요양병원,요양병원
"충청남도 예산군 예산읍 마상길 9, 4층",신요양병원,요양병원
"서울특별시 동대문구 한천로 207, 지하1,지상1,3~6층 (전농동)",신우요양병원,요양병원
"인천광역시 미추홀구 인주대로 432, 주안요양병원 (주안동)",신주안요양병원,요양병원
"경기도 시흥시 호현로10번길 7-1, 시흥신천제일병원 (신천동)",신천제일요양병원,요양병원
"서울특별시 서대문구 모래내로 330, 미도빌딩 (홍은동)",신촌힐링요양병원,요양병원
"인천광역시 미추홀구 경인로 107, (숭의동, 지2층 ~ 8층)",신한대인천베드로요양병원,요양병원
"대구광역시 달서구 용산로 141, 그랜드M 타워 지하2,지상2,10,11,15층동 (용산동)",신홍도요양병원,요양병원
"서울특별시 영등포구 영중로 100, (영등포동7가)",신화요양병원,요양병원
"경기도 양주시 남면 감악산로514번길 229-34, ()",실로암노인전문병원,요양병원
"전라북도 완주군 용진읍 완주로 806-6, ()",실로암병원,요양병원
"전라북도 익산시 선화로 389, (영등동)",실로암사랑요양병원,요양병원
"부산광역시 중구 동광길 179, (영주동)",심당요양병원,요양병원
"충청북도 청주시 흥덕구 서현북로 83-0,  (가경동)",씨엔씨재활요양병원,요양병원
"광주광역시 동구 남문로 689, 해피뷰삼성메디타워 지상7~9층 (학동)",씨엠맘삼성요양병원,요양병원
"광주광역시 남구 입하길 12-1, (송하동)",씨티재활의학과요양병원,요양병원
"경기도 안산시 단원구 원포공원1로 49, 태영타운 2,3층 209-219, 301-307호 (초지동)",아너스요양병원,요양병원
"제주특별자치도 제주시 한북로 309, (아라일동)",아라요양병원,요양병원
"전라남도 목포시 백년대로 267, 267",아름다운요양병원,요양병원
"대구광역시 북구 노본길 15-3, (학정동)",아리채요양병원,요양병원
"서울특별시 종로구 경희궁길 26, 썬타워빌딩 지하1층, 지상2,3,4,5,6,7층 (신문로2가)",아미나요양병원,요양병원
"경기도 안성시 죽산면 녹배길 139, ()",아미타불교요양병원,요양병원
"충청남도 아산시 온천대로 1446, (온천동)",아산삼성요양병원,요양병원
"충청남도 아산시 도고면 도고면로 179, 179",아산유리의료재단 아산유리요양병원,요양병원
"부산광역시 연제구 월드컵대로 161, (연산동)",아시아드 요양병원,요양병원
"경기도 의정부시 청사로48번길 19, 4층일부제외, 3~8층 (금오동)",아이엠요양병원,요양병원
"경상북도 안동시 대안로 76, 76",아주안제요양병원,요양병원
"대구광역시 서구 서대구로 194, 지하1~6층 (평리동)",아주조은요양병원,요양병원
"전라북도 전주시 덕진구 아중로 223-0,  (우아동2가)",아중요양병원,요양병원
"부산광역시 북구 만덕고개길 84, 아하브병원 6층, 7층일부층 (만덕동)",아하브요양병원,요양병원
"경상북도 안동시 전거리길 57,  (용상동)",안동요양병원,요양병원
"경기도 안산시 단원구 선부광장1로 118, 삼아빌딩 B101, 201, 301, 401, 501호 (선부동)",안산나래요양병원,요양병원
"경기도 안산시 상록구 차돌배기로 24, (사동)",안산시립노인전문병원,요양병원
"경기도 안산시 단원구 광덕4로 180, (고잔동,부원프라자 201호, 207호, 301~309호)",안산조은요양병원,요양병원
"경기도 안산시 단원구 고잔로 134, 안산중앙요양병원 (고잔동)",안산중앙요양병원,요양병원
"경기도 안산시 단원구 원포공원1로 30, 서해프라자 5층,6층 일부(601,602)호 (초지동)",안산효요양병원,요양병원
"경기도 안성시 인지1길 15, (인지동)",안성동인요양병원,요양병원
"경기도 안성시 안성맞춤대로 1079, (연지동)",안성요양병원,요양병원
"경기도 안성시 금광면 삼흥로 453-69, ()",안성현대요양병원,요양병원
"대구광역시 동구 안심로41길 50, (서호동)",안심요양병원,요양병원
"경기도 안양시 만안구 병목안로 20, 스페이스타워 5 ~10층 (안양동)",안양서울 대효요양병원,요양병원
"경기도 안양시 만안구 안양로 335, 지하1층~지상5층 (안양동)",안양요양병원,요양병원
"강원도 춘천시 서면 율장길 328- ,",암스트롱요양병원,요양병원
"대구광역시 남구 대명로 237, (대명동)",앞산요양병원,요양병원
"광주광역시 동구 제봉로 35-6,  (학동)",양명요양병원,요양병원
"경상남도 양산시 삼성7길 11-14, (북정동, 1층 일부, 2~9층)",양산서울요양병원,요양병원
"경상남도 양산시 장터4길 6-9, (중부동)",양산중앙요양병원,요양병원
"경기도 양평군 양서면 양수로 149-2, ()",양수삼성요양병원,요양병원
"부산광역시 부산진구 거제대로36번길 27, 1(일부), 2~6층 (양정동)",양정요양병원,요양병원
"경기도 양주시 광적면 부흥로 955-13, ()",양주큰길요양병원,요양병원
"경기도 양주시 고읍남로 5-14, 주건축물제1동 4, 8층 (광사동)",양주탑요양병원,요양병원
"부산광역시 금정구 금강로 209, (장전동)",양지요양병원,요양병원
"울산광역시 남구 월평로 3, (신정동)",양지요양병원,요양병원
"서울특별시 양천구 오목로 121, (신정동, 양천효요양병원)",양천효요양병원,요양병원
"경기도 양평군 양평읍 시민로 36, ()",양평요양병원,요양병원
"경기도 양평군 용문면 다문북길 22-2, ()",양평효노인전문병원,요양병원
"경상북도 칠곡군 동명면 기성10길 24-1, ()",언더로뎀요양병원,요양병원
"울산광역시 울주군 상북면 삽재로 400, ()",언양아하브요양병원,요양병원
"울산광역시 울주군 삼남면 반구대로 785, ()",언양요양병원,요양병원
"광주광역시 북구 중흥로91번길 2, (신안동)",엄마요양병원,요양병원
"경기도 남양주시 수동면 비룡로1782번길 160, ()",에덴요양병원,요양병원
"경기도 광주시 초월읍 경수길 25, ()",에스알씨(SRC)노인전문병원,요양병원
"서울특별시 마포구 월드컵북로 165, 지하1층~5층 (성산동, SMC)",에스엠씨요양병원,요양병원
"경상북도 경주시 현곡면 충현로 325, ()",에스요양병원,요양병원
"광주광역시 남구 회재로 1182, (주월동, 에스웰요양병원)",에스웰요양병원,요양병원
"광주광역시 북구 서암대로 187,  (신안동)",에이치요양병원,요양병원
"경기도 가평군 설악면 미사리로 267-177, ()",에이치제이매그놀리아국제요양병원,요양병원
"경기도 용인시 처인구 양지면 양주로 165, ()",에제르 요양병원,요양병원
"전라북도 익산시 함열읍 익산대로 1493-1, ()",엔젤의료재단 엔젤요양병원,요양병원
"경기도 부천시 경인로 17, (송내동)",엘드림병원,요양병원
"경상남도 진주시 남강로 25, (평거동, 엠마우스요양병원)",엠마우스요양병원,요양병원
"전라남도 여수시 진남로 15,  (충무동)",여수강남요양병원,요양병원
"전라남도 여수시 흥국로 40-0,  (학동)",여수노블요양병원,요양병원
"전라남도 여수시 둔덕5길 29,  (둔덕동)",여수시립요양병원,요양병원
"경기도 여주시 가남읍 매양로 419-1, ()",여주나무요양병원,요양병원
"충청남도 논산시 연무읍 동안로888번길 5, (연무읍)",연무요양병원,요양병원
"부산광역시 연제구 과정로 128, (연산동)",연산관자재요양병원,요양병원
"부산광역시 연제구 과정로 152, 4,5층 (연산동)",연산인제요양병원,요양병원
"경기도 화성시 팔탄면 버들로 1576, 1576",연세나은요양병원,요양병원
"경기도 고양시 일산동구 장백로 174, 지하1층~지상10층 (장항동)",연세나을요양병원,요양병원
"경기도 평택시 고덕면 고덕북로 5, ()",연세로하스요양병원,요양병원
"경기도 수원시 영통구 봉영로1759번길 41, 연세모아병원 (영통동)",연세모아요양병원,요양병원
"서울특별시 영등포구 여의대방로 203, (신길동, 일이빌딩)",연세베스트요양병원,요양병원
"경기도 수원시 장안구 만석로 206, 1(일부),2~5,6(일부)층 (송죽동)",연세수요양병원,요양병원
"서울특별시 은평구 통일로 669, (녹번동)",연세에덴요양병원,요양병원
"경기도 수원시 장안구 수성로 341, (정자동)",연세엘림요양병원,요양병원
"경기도 양주시 백석읍 기산로440번길 110-31, ()",연세요양병원,요양병원
"경기도 파주시 방촌로326번길 46, (맥금동)",연세요양병원,요양병원
"강원도 원주시 남원로 631, (명륜동)",연세요양병원,요양병원
"전라북도 익산시 익산대로22길 52, (남중동)",연세요양병원,요양병원
"대구광역시 달성군 화원읍 비슬로 2525, ()",연세요양병원,요양병원
"서울특별시 동작구 성대로 43, (상도동, 우리빌딩)",연세제일요양병원,요양병원
"전라북도 전주시 완산구 쑥고개옛길 118, (삼천동3가)",연수요양병원,요양병원
"대구광역시 동구 동촌로 146, (검사동)",열경요양병원,요양병원
"대구광역시 서구 북비산로 239, (평리동)",열린요양병원,요양병원
"전라남도 영광군 영광읍 와룡로 3-1, ()",영광군공립요양병원,요양병원
"경상북도 영덕군 영덕읍 우곡길 52-0, ()",영덕제일요양병원,요양병원
"충청북도 영동군 영동읍 대학로 290, ()",영동군립노인전문병원,요양병원
"전라남도 영암군 덕진면 예향로 1764, 효병원",영암효요양병원,요양병원
"강원도 영월군 영월읍 남중골길 5, ()",영월실로노인전문병원,요양병원
"강원도 춘천시 중앙로 60-0, (중앙로2가)",영인요양병원,요양병원
"경상북도 영주시 안정면 장안로 697, ()",영주시립노인전문요양병원,요양병원
"경상북도 영천시 천문로 594-0, 영천요양병원",영천요양병원,요양병원
"경기도 수원시 영통구 영통로90번길 4-16, 2층~5층 (망포동)",영통효요양병원,요양병원
"경기도 파주시 문산읍 화석정로 31, ()",예담요양병원,요양병원
"충청북도 청주시 청원구 충청대로 100-0,  (율량동)",예미담요양병원,요양병원
"전라북도 전주시 덕진구 전주천서로 337,  (진북동)",예송요양병원,요양병원
"경기도 양주시 회정로109번길 7-20, (덕정동)",예쓰요양병원,요양병원
"경상남도 창원시 의창구 팔용로 319, 반계동 요양병원 A동 지하1~지상4층 (반계동)",예정요양병원,요양병원
"인천광역시 중구 개항로 82, (경동)",예지요양병원,요양병원
"경기도 광명시 광명로 844, (광명동, 예지원 요양병원)",예지원요양병원,요양병원
"인천광역시 계양구 계양대로 188, 4,5층 (계산동, 노바체빌딩)",예진요양병원,요양병원
"경상북도 포항시 북구 중앙로 207,  (죽도동)",오거리사랑요양병원,요양병원
"서울특별시 은평구 연서로 209, 보성빌 2,3일부,4~6층 (갈현동)",오렌지요양병원,요양병원
"인천광역시 미추홀구 한나루로 591, (도화동, 지1층, 1층, 4~6층)",오름요양병원,요양병원
"경기도 오산시 가장산업동로 69-27, (궐동)",오산노인전문병원,요양병원
"경기도 오산시 청학로 60, (청학동)",오산메디컬재활요양병원,요양병원
"광주광역시 동구 남계길 17, 지하1층, 1~4층 (내남동)",오아시스요양병원,요양병원
"서울특별시 구로구 중앙로 64, 고척프라자 가동 4,5층/나동3,4층 (고척동)",오케이요양병원,요양병원
"전라남도 목포시 정의로 6-0,  (옥암동)",옥암힐요양병원,요양병원
"경기도 용인시 처인구 중부대로 1539, (마평동)",온누리요양병원,요양병원
"경상남도 김해시 대청로210번길 12-23, (대청동)",온누리의료생활협동조합 온세상요양병원,요양병원
"대전광역시 서구 동서대로 1147,  (가장동)",온누리좋은요양병원,요양병원
"경상남도 사천시 사천읍 구암두문로 154-28, 온요양병원",온요양병원,요양병원
"인천광역시 부평구 장제로 129, (부평동)",올리브요양병원,요양병원
"인천광역시 강화군 강화읍 강화대로393번길 5, ()",올바른 요양병원,요양병원
"전라북도 완주군 상관면 북치길 44-54, (상관면)",완주군아름다운노인전문병원,요양병원
"전라북도 완주군 봉동읍 둔산3로 31-5,",완주요양병원,요양병원
"서울특별시 동대문구 무학로 88, (용두동, 지하2~지상8층)",왕십리휴요양병원,요양병원
"부산광역시 남구 신선로 429, (용당동)",용당요양병원,요양병원
"경상남도 창원시 진해구 남의로 150, (두동)",용원휴요양병원,요양병원
"경기도 용인시 처인구 백옥대로1313번길 49, (유방동)",용인서울요양병원,요양병원
"경기도 용인시 기흥구 구성로 26-2, 지하1~5층 (마북동)",용인효요양병원,요양병원
"경기도 고양시 일산동구 고봉로 467-56, 가동 1~3층 (성석동)",우노힐일산요양병원,요양병원
"전라북도 전주시 덕진구 정여립로 978, (만성동)",우리노인전문병원,요양병원
"전라북도 전주시 완산구 우전로 241-0,  0호 (효자동2가,우리들사랑요양병원)",우리들사랑요양병원,요양병원
"경기도 파주시 법원읍 사임당로 826, ()",우리애요양병원,요양병원
"경기도 안산시 단원구 원포공원1로 30, 서해프라자 203,204,301~307호 (초지동)",우리요양병원,요양병원
"경기도 이천시 백사면 이여로428번길 167, ()",우리요양병원,요양병원
"충청남도 서산시 동헌로 15, (석남동)",우리요양병원,요양병원
"광주광역시 광산구 소촌로 96, (소촌동)",우리요양병원,요양병원
"경상남도 양산시 물금읍 황산로 356, 7,8,9층",우리요양병원,요양병원
"부산광역시 연제구 과정로 130, (연산동, 1층(일부제외)∼8층)",우리행복요양병원,요양병원
"경기도 성남시 수정구 수정로 271, (신흥동)",우리효사랑요양병원,요양병원
"경기도 의왕시 경수대로 361-9, 인현빌딩 (오전동)",우리효요양병원,요양병원
"전라북도 익산시 목천로 120, (목천동)",우석노인요양병원,요양병원
"경기도 안산시 단원구 중앙대로 861, (고잔동, 우성요양병원)",우성요양병원,요양병원
"부산광역시 해운대구 좌동순환로 247, 2층, 6-9층 (좌동)",우정요양병원,요양병원
"경기도 파주시 책향기로 830, 5~10층 (와동동)",운정서울대효요양병원,요양병원
"경기도 파주시 경의로 1102, 3,4(일부)5~7층 (야당동)",운정한강요양병원,요양병원
"세종특별자치시 전동면 모산고개길 96-25, (전동면)",운주산성요양병원,요양병원
"울산광역시 울주군 온양읍 덕남로 243, ()",울산광역시립노인병원,요양병원
"경상북도 울진군 울진읍 현내항길 71, ()",울진군의료원요양병원,요양병원
"인천광역시 미추홀구 경원대로 891, (주안동)",원광의료재단 인천원광효도요양병원,요양병원
"강원도 원주시 북원로 2636, (태장동)",원주민중요양병원,요양병원
"강원도 원주시 원일로 176-1,  (학성동)",원주효요양병원,요양병원
"경기도 안양시 만안구 관악대로 8, 중화한방병원 3,4층 (안양동)",원천의료재단 중화요양병원,요양병원
"대구광역시 달서구 월배로 119, 3,6,7,8층 (진천동)",월배요양병원,요양병원
"경기도 파주시 법원읍 술이홀로 1139-67, ()",월산암요양병원,요양병원
"대구광역시 서구 달구벌대로 1889, 지하3층, 2층~5층 (내당동)",웰니스1004요양병원,요양병원
"울산광역시 중구 함월20길 89, (성안동, 위너스자연요양병원)",위너스자연요양병원,요양병원
"경기도 광주시 초월읍 경충대로 974-43, ()",위더스요양병원,요양병원
"경기도 수원시 팔달구 경수대로 511, (인계동)",위더스요양병원,요양병원
"경상북도 경주시 승삼북길 31,  (용강동)",위더스요양병원,요양병원
"경기도 성남시 수정구 위례광장로 9, 3층 일부, 4층 (창곡동)",위례서울닥터스요양병원,요양병원
"경기도 성남시 수정구 헌릉로 999, 5~10층 (창곡동)",위례센트럴요양병원,요양병원
"경기도 성남시 수정구 헌릉로 993, 더퍼스트메디타워 4층,5층,6층,7층 일부,8층 (창곡동)",위례스마트요양병원,요양병원
"부산광역시 남구 수영로 185-7, (대연동)",윌리스요양병원,요양병원
"경상남도 양산시 삼일로 75, (북부동, 지하1층,1층일부,3-7층)",유성요양병원,요양병원
"전라북도 고창군 고창읍 보릿골로 8, ()",유정요양병원,요양병원
"경상남도 함안군 칠원읍 예곡1길 13, ()",유천의료재단새롬재활요양병원,요양병원
"부산광역시 동래구 충렬대로 120, (온천동)",으뜸요양병원,요양병원
"전라북도 완주군 구이면 항가신기길 8-11, 8",은빛사랑요양병원,요양병원
"서울특별시 관악구 은천로 51, (봉천동, 2,3,4,5,6층)",은천요양병원,요양병원
"전라북도 군산시 대학로 375-0,  (나운동)",은파요양병원,요양병원
"서울특별시 은평구 통일로 935, (갈현동)",은평요양병원,요양병원
"전라남도 여수시 거북선공원2길 5,  (학동)",은혜요양병원,요양병원
"대전광역시 유성구 온천동로 43-0, 본관4~9층/신관1층,4~9층",의)밝은마음의료재단 유성한가족요양병원,요양병원
"경기도 안산시 상록구 감골로 17, 지상1~지상4층 (사동)",의)엠케이의료재단효심요양병원,요양병원
"울산광역시 남구 돋질로 146, (달동, 달동길메리요양병원)",의)우아의료재단 달동길메리요양병원,요양병원
"부산광역시 동래구 충렬대로359번길 8, 좋은애인요양병원 지하2~지상8층 (안락동)",의)은성의료재단 좋은애인요양병원,요양병원
"경상남도 의령군 부림면 대한로 1655, ()",의령군립노인전문병원,요양병원
"충청남도 청양군 청양읍 중앙로 151, ()",의료법인 가온의료재단 청양요양병원,요양병원
"부산광역시 사상구 대동로 2, (엄궁동)",의료법인 강혜의료재단 사랑의요양병원,요양병원
"부산광역시 동래구 금강공원로 40, (온천동)",의료법인 강혜의료재단 온천사랑의요양병원,요양병원
"울산광역시 울주군 범서읍 천상5길 10-5, 연세요양병원",의료법인 건강한의료재단 울산연세요양병원,요양병원
"충청북도 옥천군 옥천읍 중앙로 72, ()",의료법인 건우의료재단 큰사랑요양병원,요양병원
"경상남도 고성군 고성읍 남해안대로 2607, ()",의료법인 경림의료재단 고성요양병원,요양병원
"경상북도 포항시 남구 송도로 62,  (송도동)",의료법인 경진의료재단 경희요양병원,요양병원
"경기도 의왕시 오전로 15, (왕곡동, 계요노인전문병원)",의료법인 계요의료재단 계요노인전문병원,요양병원
"전라북도 순창군 인계면 인덕로 145-19, ()",의료법인 계화의료재단 청정요양병원,요양병원
"충청남도 아산시 도고면 온천대로 697, (도고면)",의료법인 광덕의료재단 도고온천요양병원,요양병원
"전라북도 군산시 하나운3길 18, (나운동)",의료법인 구암의료재단 군산요양병원,요양병원
"부산광역시 사하구 다대로 607, (다대동)",의료법인 굿타임의료재단 타임요양병원,요양병원
"부산광역시 사상구 낙동대로 1026, (감전동)",의료법인 나라의료재단 스마트나라요양병원,요양병원
"대전광역시 동구 태전로 39, (정동)",의료법인 남영의료재단  남영노인전문병원,요양병원
"부산광역시 연제구 중앙대로 1078, (연산동)",의료법인 노송의료재단 시티요양병원,요양병원
"부산광역시 사상구 백양대로907번길 11, (모라동)",의료법인 노송의료재단 시티요양병원,요양병원
"충청북도 보은군 속리산면 속리산로 701-0, 속리산요양병원",의료법인 누가의료재단 속리산요양병원,요양병원
"충청남도 아산시 온천대로 1529, (온천동)",의료법인 누리의료재단 녹십자요양병원,요양병원
"경기도 시흥시 승지로60번길 36, 월드프라자 301호,303호,304호,401호501호601호 (능곡동)",의료법인 능곡의료재단 능곡요양병원,요양병원
"충청남도 아산시 청운로 51, (온천동)",의료법인 다솔의료재단 늘푸른요양병원,요양병원
"대전광역시 중구 계룡로 943, (대사동)",의료법인 대전세진의료재단 은혜요양병원,요양병원
"경상남도 사천시 향촌4길 127, (향촌동)",의료법인 덕산의료재단 한마음노인요양병원,요양병원
"경상북도 성주군 성주읍 성주순환로 239, ()",의료법인 덕수의료재단 성주효요양병원,요양병원
"충청북도 옥천군 옥천읍 청풍로 267-14, ()",의료법인 도담의료재단 도담노인요양병원,요양병원
"경상남도 창녕군 부곡면 온천로 486, ()",의료법인 동림의료재단 로얄힐스요양병원,요양병원
"부산광역시 금정구 무학송로 143, (부곡동)",의료법인 동일의료재단 금정나라요양병원,요양병원
"경기도 군포시 당산로 104, B102호,201호,301∼309호 (금정동, 두현타워)",의료법인 두현의료재단 그로스요양병원,요양병원
"울산광역시 남구 수암로128번길 7, 1~3, 6층 (야음동)",의료법인 득명의료재단 씨엘요양병원,요양병원
"전라북도 전주시 덕진구 안덕원로 291, (인후동1가)",의료법인 디딤의료재단 우리요양병원,요양병원
"충청남도 홍성군 홍성읍 조양로143번길 11, ()",의료법인 디와이 의료재단 홍성요양병원,요양병원
"경상남도 김해시 김해대로 2453, (삼정동)",의료법인 리드의료재단 다정한요양병원,요양병원
"경기도 이천시 장호원읍 샘재로145번길 41, 장호원성모요양병원",의료법인 목민의료재단 장호원요양병원,요양병원
"충청북도 충주시 앙성면 산전장수2길 55, ()",의료법인 목민의료재단 충주성모요양병원,요양병원
"경상남도 진주시 천수로163번길 25, (망경동)",의료법인 목화의료재단 목화요양병원,요양병원
"경상남도 김해시 분성로 433, (삼정동)",의료법인 문용의료재단 천사요양병원,요양병원
"충청북도 충주시 국원대로 6-0,  (문화동)",의료법인 문화의료재단 문화실버요양병원,요양병원
"서울특별시 구로구 고척로21나길 88-41, (개봉동, 미소들병원)",의료법인 미소들노인전문병원,요양병원
"전라북도 김제시 하동1길 13, (하동)",의료법인 백상의료재단 가족사랑요양병원,요양병원
"충청남도 천안시 동남구 대흥로 228, (대흥동, 삼영빌딩)",의료법인 백석의료재단 한사랑요양병원,요양병원
"경기도 포천시 소흘읍 송우로 80, (황금프라자 3,4,6층)",의료법인 범문의료재단 진요양병원,요양병원
"경상북도 예천군 예천읍 충효로 408-27, ()",의료법인 벽산의료재단 경희요양병원,요양병원
"서울특별시 서초구 반포대로9길 42, (서초동)",의료법인 부원의료재단 서초요양병원,요양병원
"부산광역시 부산진구 동천로107번길 8, (부전동)",의료법인 사랑나눔의료재단 에보스요양병원,요양병원
"경기도 수원시 권선구 오목천로152번길 68, 골든프라자3.4층 (고색동)",의료법인 사랑나무의료재단 서수원요양병원,요양병원
"대전광역시 중구 대종로 400-0,  (대흥동)",의료법인 산수의료재단 웰시티요양병원,요양병원
"경상남도 사천시 각산로 86, (서동, 미진예식장)",의료법인 삼포의료재단 현대요양병원,요양병원
"인천광역시 계양구 주부토로 494, 비101호, 비102호, 101호, 102호, 201호, 301호, 401호, 501호, 601호 (계산동)",의료법인 샬롬의료재단 브니엘요양병원,요양병원
"부산광역시 사상구 덕상로 116-38, (모라동)",의료법인 서원의료재단 감로수요양병원,요양병원
"경상남도 김해시 가락로 83, 2,3,4,5층 (서상동)",의료법인 서원탑의료재단 서원요양병원,요양병원
"경상북도 구미시 인동20길 38-9,  (진평동)",의료법인 서정의료재단 강동요양병원,요양병원
"대전광역시 서구 대덕대로317번길 26, (월평동)",의료법인 선사인혜요양병원,요양병원
"세종특별자치시 조치원읍 섭골길 37, ()",의료법인 선은의료재단 중앙요양병원,요양병원
"경상북도 청도군 각북면 헐티로 1312, ()",의료법인 선한의료재단 청도자연요양병원,요양병원
"경기도 평택시 고덕면 방축길 109, 평택 국제병원 지2,지1,4층",의료법인 설백의료재단 평택국제요양병원,요양병원
"전라북도 군산시 청소년회관로 45, (송풍동)",의료법인 성곡의료재단 군산효자요양병원,요양병원
"부산광역시 사하구 감천로 125, (감천동, 우리빌딩)",의료법인 성원의료재단 감천참편한요양병원,요양병원
"부산광역시 영도구 동삼서로 21, (동삼동, 영도참편한요양병원)",의료법인 성원의료재단 영도참편한 요양병원,요양병원
"부산광역시 연제구 배산북로 50, (연산동, C동 1~6층(일부 제외))",의료법인 성은의료재단 연산요양병원,요양병원
"대전광역시 중구 대종로 599, (선화동)",의료법인 세명의료재단 세명요양병원,요양병원
"울산광역시 남구 대학로 148, 2~7층 (무거동)",의료법인 세연의료재단 무거연세요양병원,요양병원
"경기도 시흥시 정왕대로 74, (정왕동)",의료법인 소애의료재단 한울노인요양병원,요양병원
"충청북도 제천시 용두천로 333, (청전동)",의료법인 솔트의료재단 예성요양병원,요양병원
"충청북도 충주시 주덕읍 신양로 62-0, ()",의료법인 송원의료재단 송원요양병원,요양병원
"경상남도 김해시 주촌면 이지산단로 155, ()",의료법인 송파의료재단 가야요양병원,요양병원
"경기도 의정부시 용현로105번길 45-14, 1-9층 (민락동)",의료법인 송화의료재단 조은요양병원,요양병원
"경상남도 고성군 고성읍 남해안대로 2514, ()",의료법인 수영의료재단 고성제일요양병원,요양병원
"충청북도 음성군 대소면 대금로 532-0, ()",의료법인 순원의료재단 굿모닝요양병원,요양병원
"경상남도 함안군 칠원읍 용산2길 45-13, 4층",의료법인 시영의료재단 함안요양병원,요양병원
"경기도 화성시 남양읍 시청로 11, 102~104,107~112, 2층 전체호",의료법인 신명진의료재단 퍼스트힐화성요양병원,요양병원
"부산광역시 사하구 동매로44번길 8, (하단동)",의료법인 신암의료재단 제일요양병원,요양병원
"충청북도 보은군 내북면 남부로 6427-27, 병원",의료법인 아인의료재단 성암요양병원,요양병원
"경기도 화성시 효행로 1063, 메디프렌드 (진안동)",의료법인 아주효성의료재단 효성요양병원,요양병원
"경상북도 안동시 경동로 617,  (안흥동)",의료법인 안흥의료재단 새안동요양병원,요양병원
"경기도 평택시 평택5로 65, (비전동)",의료법인 양진의료재단 성모요양병원,요양병원
"서울특별시 구로구 남부순환로 1287, 정성요양병원 2.3.5층 남부순환로 107길 1287, 정성요양병원 2.3.5층 남부순환로 107길 24동 (가리봉동)",의료법인 어울림의료재단 정성요양병원,요양병원
"경기도 시흥시 호현로40번길 5, 지1층, 1~5층 (대야동)",의료법인 에스앤케이의료재단 시흥에스앤케이요양병원,요양병원
"충청북도 증평군 증평읍 중앙로 114-0, ()",의료법인 여덕의료재단 증평요양병원,요양병원
"강원도 홍천군 북방면 팔봉산로 2420-58, 2420",의료법인 연호요양병원,요양병원
"충청남도 청양군 청양읍 칠갑산로 157, ()",의료법인 연훈의료재단 청양훈요양병원,요양병원
"경상북도 영덕군 영덕읍 영덕로 72-12, ()",의료법인 영덕의료재단 영덕효요양병원,요양병원
"경상남도 창원시 마산합포구 무학로 402, (자산동)",의료법인 영민의료재단 소망노인전문병원,요양병원
"부산광역시 동래구 금강로 64, (온천동)",의료법인 영신의료재단 동래유유요양병원,요양병원
"경상북도 영주시 반지미로 265,  (가흥동)",의료법인 영주의료재단 명품요양병원,요양병원
"부산광역시 금정구 금샘로 59, (장전동)",의료법인 영파의료재단 규림요양병원,요양병원
"경상북도 영주시 풍기읍 소백로1916번길 6, 6",의료법인 영풍의료재단 풍기성심요양병원,요양병원
"울산광역시 북구 아진로 78, (상안동)",의료법인 옐림의료재단 농소요양병원,요양병원
"경상남도 김해시 가야로 210, (삼계동)",의료법인 오남의료재단 인제요양병원,요양병원
"전라북도 전주시 완산구 중인1길 136-20, (중인동)",의료법인 옥성의료재단 골든카운티 요양병원,요양병원
"부산광역시 부산진구 가야대로 721, 신관 8~9층 일부, 10-13, 16층 전부 (당감동)",의료법인 온그룹의료재단 온요양병원,요양병원
"부산광역시 동래구 온천장로 40, (온천동)",의료법인 온의료재단 신세계요양병원,요양병원
"충청북도 충주시 중심3길 4-2, (문화동)",의료법인 용은의료재단 충주요양병원,요양병원
"경상북도 상주시 낙동면 영남제일로 841, ()",의료법인 우석의료재단 연세요양병원,요양병원
"울산광역시 중구 서원1길 106, (반구동)",의료법인 우아의료재단 길메리요양병원,요양병원
"경상북도 포항시 남구 연일읍 인주길22번길 38-23, ()",의료법인 원경의료재단 연일요양병원,요양병원
"전라북도 군산시 조촌4길 11,  (조촌동)",의료법인 원광의료재단 군산원광효도요양병원,요양병원
"전라북도 익산시 익산대로33길 69, (신용동)",의료법인 원광의료재단 익산원광효도요양병원,요양병원
"대전광역시 동구 우암로 281,  (가양동)",의료법인 원전의료재단 가양요양병원,요양병원
"대전광역시 대덕구 덕암로 225, 225",의료법인 원전의료재단보니파시오요양병원,요양병원
"울산광역시 북구 당수골5길 41-6, 지하1~지상4층 (호계동)",의료법인 월촌의료재단 해솔요양병원,요양병원
"부산광역시 동래구 금강공원로 32, (온천동)",의료법인 윤재의료재단 금강요양병원,요양병원
"부산광역시 동래구 금강로 141, (온천동)",의료법인 윤재의료재단 금정요양병원,요양병원
"부산광역시 동래구 충렬대로 258, (낙민동)",의료법인 은빛의료재단 참사랑요양병원,요양병원
"부산광역시 북구 금곡대로 586, (금곡동)",의료법인 은성의료재단 좋은리버뷰요양병원,요양병원
"부산광역시 사상구 학감대로39번길 67, (학장동)",의료법인 은성의료재단 좋은부산요양병원,요양병원
"부산광역시 사상구 가야대로 264, (주례동)",의료법인 은성의료재단 좋은주례요양병원,요양병원
"경상남도 양산시 북안남6길 6, (북부동)",의료법인 인경의료재단 홍익요양병원,요양병원
"경기도 화성시 우정읍 남양만로 662, (우정읍)",의료법인 일선의료재단 화성현대요양병원,요양병원
"경상북도 경주시 유림로13번길 155,  (용강동)",의료법인 일원의료재단 늘푸른요양병원,요양병원
"부산광역시 영도구 태종로372번길 41, (청학동)",의료법인 일혜의료재단 행복한요양병원,요양병원
"경상북도 포항시 북구 법원로129번길 11-0,  (장성동)",의료법인 자광의료재단 선우요양병원,요양병원
"경기도 시흥시 수인로3325번길 10, 3층 301호, 302호, 306~309호 (신천동, 우명프라자)",의료법인 자운의료재단 강남요양병원,요양병원
"경상남도 창원시 의창구 동읍 의창대로 882, ()",의료법인 자은의료재단 덕산요양병원,요양병원
"부산광역시 동래구 명륜로 147, (명륜동)",의료법인 장수의료재단 동래요양병원,요양병원
"인천광역시 남동구 논고개로123번길 35, 칼리오페 216호,10,11층 (논현동)",의료법인 정강의료재단 위드미요양병원,요양병원
"대전광역시 서구 갈마로 122,  (괴정동)",의료법인 정다운의료재단 나진요양병원,요양병원
"경기도 시흥시 월곶해안로 97, (월곶동)",의료법인 정심의료재단 한마음요양병원,요양병원
"경상북도 청도군 각북면 헐티로 1145-12, ()",의료법인 정암의료재단 윤성요양병원,요양병원
"울산광역시 동구 방어진순환도로 693-1, (일산동)",의료법인 정흡의료재단 효림요양병원,요양병원
"부산광역시 사상구 삼덕로5번길 85, (삼락동, 지하1층~지상4층)",의료법인 주현의료재단 사상중앙요양병원,요양병원
"대전광역시 서구 신갈마로 126-0,  (갈마동)",의료법인 지덕사의료재단 양녕요양병원,요양병원
"강원도 인제군 기린면 내린천로 3760- ,",의료법인 지산의료재단 현인요양병원,요양병원
"부산광역시 사하구 옥천로 38, (감천동)",의료법인 진연의료재단 감천문화요양병원,요양병원
"경상남도 통영시 도산면 남해안대로 1818, ()",의료법인 진주의료재단 경상남도립 통영노인전문병원,요양병원
"경상남도 진주시 문산읍 제곡길98번길 41, 지하1, 1~5층",의료법인 진주의료재단 진주노인요양병원,요양병원
"충청북도 진천군 이월면 반지길 54-0, 진천효병원",의료법인 진천의료재단 진천효병원,요양병원
"경기도 화성시 병점중앙로 87, 3층 (병점동, 태안병점 V-TOWN2)",의료법인 참나눔의료재단 진요양병원,요양병원
"부산광역시 북구 금곡대로 458, 6층 (금곡동, 금곡월드프라자)",의료법인 참사람의료재단 금곡효요양병원,요양병원
"경기도 시흥시 군자로 507, (거모동)",의료법인 참사랑 의료재단 시흥 참사랑 요양병원,요양병원
"대전광역시 서구 계룡로491번길 8, 갤러리빌4차",의료법인 참사랑의료재단 대전참사랑요양병원,요양병원
"충청북도 청주시 서원구 청남로 1910-0,  (미평동)",의료법인 참사랑재단 참사랑요양병원,요양병원
"서울특별시 서초구 양재대로 54, 지1,2층, 2~9층 (우면동, 서초참병원)",의료법인 참예원의료재단 서초참요양병원,요양병원
"충청남도 아산시 염치읍 송곡안길 31, 31",의료법인 참의료재단 아산참요양병원,요양병원
"충청북도 옥천군 옥천읍 삼양로5길 12-0, ()",의료법인 창곡의료재단 참조은요양병원,요양병원
"경상남도 창녕군 창녕읍 창녕대로 122, ()",의료법인 창녕서울의료재단 창녕서울요양병원,요양병원
"충청북도 제천시 북부로13길 94-0,  (천남동)",의료법인 창민의료재단 제천노인전문요양병원,요양병원
"경상북도 칠곡군 동명면 팔공산로2길 15-0, 약손요양병원",의료법인 채움의료재단 약손요양병원,요양병원
"부산광역시 금정구 남산냇길 111, (청룡동)",의료법인 천지의료재단 금샘요양병원,요양병원
"강원도 횡성군 강림면 주천강로강림3길 26-4,",의료법인 청강의료재단 청강요양병원,요양병원
"울산광역시 중구 내황4길 11, (반구동)",의료법인 청남의료재단  세민에스요양병원,요양병원
"경상남도 창원시 의창구 남산로1번길 60, (팔용동)",의료법인 청민의료재단 참사랑요양병원,요양병원
"울산광역시 남구 봉월로 155, (신정동)",의료법인 청산의료재단 효원요양병원,요양병원
"부산광역시 북구 덕천로381번길 9-3, (만덕동)",의료법인 청송의료재단 해뜨락요양병원,요양병원
"경상남도 창녕군 남지읍 남지중앙로 45, ()",의료법인 케이엔의료재단 경남요양병원,요양병원
"충청북도 음성군 음성읍 시장로126번길 9, ()",의료법인 태종의료재단 음성요양병원,요양병원
"전라북도 익산시 선화로22길 52-9,  (마동)",의료법인 태종의료재단 익산미소요양병원,요양병원
"부산광역시 북구 만덕고개길 60-12, (만덕동)",의료법인 패밀리의료재단 만덕힐요양병원,요양병원
"충청북도 청주시 서원구 궁뜰로 16-0,  (미평동)",의료법인 하람의료재단 청주탑요양병원,요양병원
"경상남도 통영시 용남면 남해안대로 523, 1,4,5층 (강산빌딩)",의료법인 한림의료재단 효성요양병원,요양병원
"경상북도 구미시 선기로 155-23,  (선기동)",의료법인 한백의료재단 구미아성요양병원,요양병원
"전라북도 군산시 옥구읍 수산길 71-21, ()",의료법인 한빛의료재단 행복한요양병원,요양병원
"부산광역시 해운대구 달맞이길117번나길 24, (중동)",의료법인 한세의료재단 효은요양병원,요양병원
"대전광역시 중구 중교로 39, (대흥동)",의료법인 한일의료재단 패밀리요양병원,요양병원
"경기도 안양시 만안구 현충로 18, (안양동)",의료법인 해뜨는 요양병원,요양병원
"부산광역시 해운대구 달맞이길117번나길 174, (중동, 아식스신발연구소)",의료법인 해올의료재단 힐마루요양병원,요양병원
"경기도 의정부시 입석로70번길 66, (녹양동)",의료법인 해창의료재단 블루힐요양병원,요양병원
"서울특별시 노원구 동일로243길 45, (상계동, 사랑요양병원)",의료법인 행복나눔의료재단 사랑요양병원,요양병원
"경상남도 사천시 축동면 서삼로 1110-35, ()",의료법인 행복한의료재단 경남도립사천노인전문병원,요양병원
"경상남도 사천시 사천읍 옥산로 127, 3~7층",의료법인 행복한의료재단 사천중앙요양병원,요양병원
"경상남도 진주시 진주대로941번길 8, B1,2,1,3~7층 (강남동, 센텀병원)",의료법인 행복한의료재단 센텀요양병원,요양병원
"경상남도 밀양시 단장면 동화2길 36-59, ()",의료법인 행복한의료재단 숲속요양병원,요양병원
"부산광역시 북구 낙동대로 1678, (구포동)",의료법인 허명의료재단 구포일심요양병원,요양병원
"부산광역시 사상구 사상로 280, (덕포동)",의료법인 현백의료재단 사상제일요양병원,요양병원
"경상북도 포항시 남구 중앙로 84,  (해도동)",의료법인 현보의료재단 포항해도요양병원,요양병원
"경상북도 영천시 오수1길 21-0,  (오수동)",의료법인 현보의료재단 해오름요양병원,요양병원
"충청북도 충주시 앙성면 용당1길 29-0, ()",의료법인 현오의료재단 늘푸른요양병원,요양병원
"경기도 평택시 안중읍 서동대로 1831-16, ()",의료법인 혜담의료재단 평택이편안요양병원,요양병원
"부산광역시 연제구 쌍미천로84번길 37, (연산동)",의료법인 황산의료재단 황산요양병원,요양병원
"대구광역시 북구 대현로 46, 지하2층,지하1층일부,1층일부,2~4층,6층일부,9층 (대현동)",의료법인 효민의료재단 대구큰사랑요양병원,요양병원
"전라북도 전주시 덕진구 여암1길 37, (여의동)",의료법인 효성의료재단 새전주요양병원,요양병원
"경기도 안산시 단원구 원포공원로 54, 프라임아트 104~107호, 201호, 207호, 207-1호, 209호, 210호, 4층, 5층 (초지동)",의료법인 효송의료재단 서안산노인전문병원,요양병원
"충청남도 공주시 우금티로 428, (금학동)",의료법인 효심의료재단 공주참요양병원,요양병원
"전라북도 전주시 완산구 선너머2길 4, (중화산동1가)",의료법인 효일의료재단 나눔요양병원,요양병원
"충청남도 공주시 신풍면 대룡조평길 377, ()",의료법인 효준의료재단 공주요양병원,요양병원
"부산광역시 사상구 광장로 33, (괘법동)",의료법인 희경의료재단 한국요양병원,요양병원
"대구광역시 달성군 가창면 가창로57길 50, ()",의료법인가창삼성의료재단 가창삼성요양병원,요양병원
"부산광역시 수영구 수영로 456, (남천동)",의료법인강혜의료재단남천사랑의요양병원,요양병원
"전라북도 전주시 완산구 맏내로 114, (평화동2가)",의료법인건강나라의료재단 건강나라요양병원,요양병원
"부산광역시 연제구 고분로 4, (연산동)",의료법인건강한사람들의료재단 프리마요양병원,요양병원
"경상북도 안동시 충효로 4463, (정하동)",의료법인경북요양병원,요양병원
"경상북도 안동시 경동로 1289,  (송천동)",의료법인경북의료재단 길주요양병원,요양병원
"경상남도 김해시 구지로 58, 6~10층 (내동)",의료법인경빈의료재단 김해센텀요양병원,요양병원
"경상북도 포항시 남구 오천읍 구정길17번길 13-0,  1층 (오천경희요양병원)",의료법인경진의료재단 오천경희요양병원,요양병원
"전라북도 전주시 완산구 충경로 91, (경원동3가)",의료법인계산재단문실버요양병원,요양병원
"대전광역시 동구 대전로 742-0, 2~4층 (원동,대전원동건축자재판매시설)",의료법인고려의료재단 원동요양병원,요양병원
"대전광역시 유성구 송림로 58-0,  (하기동)",의료법인고운손의료재단고운마음요양병원,요양병원
"경기도 용인시 수지구 포은대로313번길 2-8, (풍덕천동)",의료법인광화의료재단러스크병원,요양병원
"경기도 용인시 기흥구 흥덕2로117번길 23, (영덕동)",의료법인광화의료재단하워드힐병원,요양병원
"부산광역시 중구 중앙대로 55, (중앙동2가)",의료법인교통문화의료재단 신창요양병원,요양병원
"부산광역시 사하구 비봉로 80, (신평동)",의료법인교통문화의료재단 우리미소요양병원,요양병원
"경상남도 창원시 마산회원구 봉양로 7, (양덕동, 동방프라자)",의료법인굿모닝의료재단굿모닝요양병원,요양병원
"경상북도 영주시 신재로24번길 91,  (가흥동)",의료법인기호의료재단 청하요양병원,요양병원
"부산광역시 금정구 중앙대로 1905, (구서동)",의료법인나눔의료재단 행림요양병원,요양병원
"부산광역시 동구 중앙대로 421, (좌천동)",의료법인나라의료재단 부산나라요양병원,요양병원
"부산광역시 중구 중앙대로 69, (중앙동3가)",의료법인나라의료재단중앙나라요양병원,요양병원
"충청남도 논산시 부적면 계백로 1487, (부적면)",의료법인나성의료재단논산행복한요양병원,요양병원
"대전광역시 유성구 진잠로 164,  (원내동)",의료법인나우리의료재단나우리요양병원,요양병원
"경기도 남양주시 진접읍 광릉내로 99, (진접제일요양병원)",의료법인다원의료재단 진접제일요양병원,요양병원
"부산광역시 사하구 다대로277번길 31, (장림동)",의료법인다평의료재단 센텀휴요양병원,요양병원
"부산광역시 금정구 서부로 56, (서동)",의료법인대성사랑의료재단 제일요양병원,요양병원
"경기도 의왕시 경수대로391번길 14-12, 2-4층 (오전동, bk빌딩)",의료법인대성의료재단 한림예요양병원,요양병원
"대전광역시 중구 유천로 76,  (유천동)",의료법인대전석천의료재단 섬김요양병원,요양병원
"경기도 안산시 단원구 광덕대로 162, 광덕대로 154 (고잔동)",의료법인더존의료재단 경희요양병원,요양병원
"서울특별시 동작구 여의대방로 134, (대방동)",의료법인덕수의료재단보라매요양병원,요양병원
"경상북도 경산시 평산1길 37-35, (평산동)",의료법인동오의료재단 도움요양병원,요양병원
"부산광역시 수영구 연수로 404, (광안동)",의료법인동일의료재단수영나라요양병원,요양병원
"경상북도 울진군 후포면 동해대로 441, ()",의료법인동제의료재단 오차드요양병원,요양병원
"경기도 김포시 김포한강11로331번길 259, 보리수요양병원 (운양동)",의료법인동행의료재단보리수요양병원,요양병원
"경기도 고양시 일산동구 성현로377번길 128-4, (문봉동)",의료법인두영의료재단 정안요양병원,요양병원
"부산광역시 사하구 낙동대로 305, (괴정동)",의료법인마루의료재단 의왕요양병원,요양병원
"경상남도 김해시 능동로155번길 10-15, 새미래네오피아 4층 (부곡동)",의료법인만전의료재단장유효요양병원,요양병원
"충청남도 논산시 상월면 계룡산로237번길 38-60, ()",의료법인명일의료재단 대정요양병원,요양병원
"전라남도 담양군 가사문학면 백아로 2640, (가사문학면)",의료법인무등산의료재단 무등산생태요양병원,요양병원
"경상북도 영천시 망정1길 32,  (망정동)",의료법인무일의료재단 참좋은요양병원,요양병원
"전라남도 화순군 화순읍 중앙로 8, ()",의료법인무진의료재단 화순현대요양병원,요양병원
"경상북도 경주시 안강읍 화전북4길 8, (안강읍)",의료법인바로의료재단 미루요양병원,요양병원
"경상남도 김해시 평전로 83, (외동)",의료법인백경의료재단김해강남요양병원,요양병원
"부산광역시 수영구 광일로43번길 25, (광안동)",의료법인백세의료재단백세요양병원,요양병원
"전라남도 광양시 광양읍 남문3길 7, ()",의료법인백운의료재단 칠성요양병원,요양병원
"경상북도 구미시 고아읍 이례로 46, ()",의료법인베델의료재단 구미천사요양병원,요양병원
"경상남도 창원시 마산합포구 수산1길 262-2, (오동동)",의료법인벽암의료재단 큰바다요양병원,요양병원
"전라남도 여수시 미평9길 21-0, 열방제일교회",의료법인보듬의료재단 효드림요양병원,요양병원
"부산광역시 기장군 기장읍 대변로 117-2, ()",의료법인뵈뵈의료재단복있는요양병원,요양병원
"충청북도 보은군 수한면 후평바리미길 31-0, 노인요양병원",의료법인브루노의료재단보은요양병원,요양병원
"대전광역시 유성구 도안대로567번길 26-0,  0동 (봉명동)",의료법인비에스의료재단 브레인요양병원,요양병원
"경상북도 청도군 금천면 금천로 4, (금천면)",의료법인산동의료재단산동요양병원,요양병원
"경기도 김포시 장릉1로 11, 3층 (풍무동)",의료법인삼송의료재단 김포효병원,요양병원
"대구광역시 달서구 달구벌대로 1762, 두류빌딩 7층 (두류동)",의료법인상보의료재단 대구경상요양병원,요양병원
"부산광역시 부산진구 황령대로8번길 7, (범천동)",의료법인상봉의료재단 상봉요양병원,요양병원
"전라남도 신안군 압해읍 추섬길 50-0,  0동 (의료법인새림압해생태요양병원)",의료법인새림의료재단 압해생태요양병원,요양병원
"전라남도 목포시 영산로844번길 13,  (대양동)",의료법인새한의료재단 목포성심요양병원,요양병원
"경상북도 포항시 북구 법원로116번길 49-10,  (장성동)",의료법인생명샘의료재단 로뎀요양병원,요양병원
"경기도 부천시 중동로254번길 24, 천마프라자 1~7층 (중동)",의료법인서흥의료재단부천현대요양병원,요양병원
"경기도 시흥시 공단1대로 237, 제B동 3층,4층,5층,6층일부,7층 (정왕동)",의료법인석경의료재단 센트럴요양병원,요양병원
"경상남도 창원시 마산회원구 3·15대로 878, (구암동, 효도병원)",의료법인석영의료재단효도투석요양병원,요양병원
"부산광역시 금정구 중앙대로 1721, (부곡동)",의료법인선우의료재단  BHS동래한서요양병원,요양병원
"전라북도 고창군 무장면 감덕길 19, 19",의료법인성노복지의료재단효자요양병원,요양병원
"경상남도 창원시 마산합포구 가포로 652, (덕동동)",의료법인성인의료재단이에이씨창원요양병원,요양병원
"경상북도 의성군 안계면 안계길 200, ()",의료법인성제의료재단 성제요양병원,요양병원
"부산광역시 사하구 낙동대로216번길 10, (괴정동)",의료법인성진의료재단 동산요양병원,요양병원
"경상북도 포항시 북구 중앙로 297,  (상원동)",의료법인성효의료재단 성심요양병원,요양병원
"충청남도 천안시 동남구 목천읍 충절로 794, ()",의료법인세온의료재단브라운요양병원,요양병원
"부산광역시 금정구 식물원로9번길 37, (장전동)",의료법인세왕의료재단 세왕요양병원,요양병원
"전라남도 나주시 금천면 영산로 5891-9, (금천면)",의료법인세화의료재단 나주효사랑요양병원,요양병원
"경상북도 구미시 고아읍 선산대로 1116-0, 구미제일요양병원",의료법인소랑의료재단 구미제일요양병원,요양병원
"전라남도 해남군 마산면 마산로 433-15, ()",의료법인소망의료재단 가나안요양병원,요양병원
"경상북도 경주시 화랑로 86,  (동부동)",의료법인소양의료재단 서울요양병원,요양병원
"경상북도 경산시 경안로 158, (중방동)",의료법인송백의료재단 늘푸른요양병원,요양병원
"부산광역시 중구 광복로97번길 26-2, (동광동2가)",의료법인송산의료재단 해양요양병원,요양병원
"경상북도 경주시 금성로 281,  (성건동)",의료법인송암의료재단 중앙요양병원,요양병원
"경상북도 경주시 충현로2길 10,  (충효동)",의료법인송죽의료재단 경주으뜸요양병원,요양병원
"전라남도 장흥군 장흥읍 중앙로 6-0, 장흥요양병원",의료법인송지의료재단 장흥요양병원,요양병원
"경상북도 영천시 금호읍 금호로 484, ()",의료법인송학의료재단 효사랑요양병원,요양병원
"경상북도 경산시 강변동로 110, (중방동)",의료법인수성의료재단영남요양병원,요양병원
"경상남도 김해시 김해대로2529번길 35, (삼정동)",의료법인수의료재단 청솔요양병원,요양병원
"전라남도 구례군 구례읍 봉동길 31, ()",의료법인숭덕의료재단 단반트리지리산요양병원,요양병원
"전라남도 순천시 해룡면 여순로 1600, ()",의료법인숭덕의료재단 순천효사랑요양병원,요양병원
"전라남도 무안군 무안읍 성남1길 97-2, ()",의료법인숭민의료재단 초당요양병원,요양병원
"경상남도 창원시 마산회원구 3·15대로 597, (석전동)",의료법인승도의료재단메트로요양병원,요양병원
"경상남도 창원시 의창구 동읍 의창대로 870-5, 동창원요양병원 1,2,3,4층 지하1층(103호)호",의료법인승인의료재단동창원요양병원,요양병원
"전라남도 나주시 남평읍 세남로 1550, ()",의료법인식산의료재단 나사렛요양병원,요양병원
"경상남도 김해시 번화1로56번길 19, 2,4~11층 (대청동)",의료법인신화성의료재단 장유요양병원,요양병원
"경상남도 거창군 거창읍 거안로 1266-77, ()",의료법인아람의료재단덕유산자연사랑요양병원,요양병원
"충청남도 천안시 서북구 검은들1길 20, 메디컬타워 5층, 7층 (불당동)",의료법인아선의료재단메디케어요양병원,요양병원
"부산광역시 연제구 과정로 222, (연산동)",의료법인안심의료재단 안심요양병원,요양병원
"경상북도 경산시 경산로 174,  (옥산동)",의료법인양지의료재단 양지요양병원,요양병원
"경기도 이천시 호법면 덕평로 224, 양지요양병원",의료법인양지의료재단양지요양병원,요양병원
"경기도 고양시 덕양구 내유길 146-19, (내유동)",의료법인에덴재단행복한요양병원,요양병원
"부산광역시 해운대구 해운대로61번길 47, (재송동)",의료법인에벤에셀의료재단 아름다운요양병원,요양병원
"경상남도 김해시 생림면 인제로 593, ()",의료법인에스씨의료재단 파크힐요양병원,요양병원
"서울특별시 동작구 시흥대로 634, (신대방동)",의료법인에이치엠피의료재단녹십초요양병원,요양병원
"충청남도 부여군 부여읍 삼충로 776, (부여읍)",의료법인연화의료재단부여요양병원,요양병원
"경상북도 의성군 금성면 탑리길 8-2, ()",의료법인염광의료재단성심요양병원,요양병원
"경상북도 김천시 감문면 문화로 252, ()",의료법인영은의료재단 김천감문휴요양병원,요양병원
"경상남도 창원시 마산합포구 중앙서1길 25, (대성동2가, 예경노인병원)",의료법인예경의료재단예경요양병원,요양병원
"전라남도 순천시 제일대학길 3-0, 예선요양병원",의료법인예선의료재단 예선요양병원,요양병원
"충청남도 금산군 금산읍 인삼로 71, (금산읍)",의료법인예은의료재단편안요양병원,요양병원
"충청남도 논산시 연산면 한전2길 49-26, (연산면)",의료법인예향의료재단예향요양병원,요양병원
"전라남도 목포시 영산로 143,  (호남동)",의료법인우성의료재단 목포효노인전문요양병원,요양병원
"인천광역시 강화군 송해면 강화대로 902, (송해면)",의료법인우진의료재단한길병원,요양병원
"경기도 부천시 경인로110번길 14, (송내동)",의료법인운천의료재단메디홀스요양병원,요양병원
"경상북도 포항시 북구 흥해읍 칠포로 58, ()",의료법인운하의료재단 포항요양병원,요양병원
"충청북도 청주시 흥덕구 월명로 15-0, 원광효도요양병원",의료법인원광의료재단청주원광효도요양병원,요양병원
"전라북도 남원시 산곡길 55, (산곡동, 다사랑요양병원)",의료법인원산의료재단 다사랑요양병원,요양병원
"서울특별시 성북구 화랑로 271, (장위동)",의료법인유라의료재단 온누리요양병원,요양병원
"경상북도 포항시 북구 새천년대로 1135-78,  (장성동)",의료법인유성의료재단 유성요양병원,요양병원
"부산광역시 남구 수영로 164, (대연동)",의료법인은경의료재단 인창대연요양병원,요양병원
"부산광역시 동구 중앙대로 281, (초량동)",의료법인은경의료재단 인창요양병원,요양병원
"경상북도 포항시 북구 대신로 27,  (대신동)",의료법인은성의료재단 좋은선린요양병원,요양병원
"부산광역시 연제구 화지로 107, (거제동)",의료법인은정의료재단 호산기독요양병원,요양병원
"전라남도 무안군 삼향읍 남악로250번길 59-30, ()",의료법인이영의료재단 시그니티요양병원,요양병원
"경상남도 김해시 상동면 상동로 194, ()",의료법인이은의료재단 이은요양병원,요양병원
"경기도 연천군 전곡읍 평화로 525, 525",의료법인이정의료재단효사랑병원,요양병원
"부산광역시 동구 중앙대로 524, (범일동)",의료법인인당의료재단 부산혜민요양병원,요양병원
"경상북도 예천군 예천읍 원고개길 49, ()",의료법인인덕의료재단 경도요양병원,요양병원
"경상북도 안동시 풍산읍 함백이길 154, ()",의료법인인덕의료재단 복주요양병원,요양병원
"부산광역시 사하구 사하로 21, (구평동)",의료법인인주의료재단 늘사랑요양병원,요양병원
"서울특별시 송파구 마천로15길 6, 인애가요양병원 (오금동)",의료법인일맥의료재단 인애가요양병원,요양병원
"경기도 평택시 점촌로19번길 60, (서정동)",의료법인자비의료재단 더나은요양병원,요양병원
"경상북도 의성군 점곡면 의성길안로 575, ()",의료법인재효의료재단의성요양병원,요양병원
"부산광역시 수영구 장대골로7번길 45, 2~4층 (광안동, 광안유림노르웨이아침)",의료법인전일의료재단한가족요양병원,요양병원
"경상남도 창원시 마산회원구 봉양로 160, (봉암동, 정다운요양병원)",의료법인정다운사람들의료재단정다운요양병원,요양병원
"경기도 화성시 마도면 화성로 848-16, ()",의료법인정도의료재단 화성미소요양병원,요양병원
"대구광역시 수성구 동대구로 12, 한패밀리병원 (지산동)",의료법인정목의료재단한패밀리요양병원,요양병원
"충청북도 제천시 풍양로 89-0,  (중앙로1가)",의료법인정석의료재단제천하나요양병원,요양병원
"전라북도 고창군 성내면 이재로 81-9, 81",의료법인정익재단 메디케어요양병원,요양병원
"전라남도 보성군 벌교읍 조정래길 2, 의료법인제석의료재단 보광요양병원",의료법인제석의료재단 보광요양병원,요양병원
"부산광역시 부산진구 백양산로53번길 18, 당감트리플타워A (부암동)",의료법인제영의료재단 다나사요양병원,요양병원
"충청북도 영동군 영동읍 대학로 106-0, ()",의료법인조윤의료재단 감고을요양병원,요양병원
"부산광역시 금정구 금단로 140-2, (남산동)",의료법인좋은사람들의료재단 관자재요양병원,요양병원
"울산광역시 중구 도화골14길 3, 1-5층 (복산동)",의료법인주보배의료재단 주성혜요양병원,요양병원
"전라남도 여수시 좌수영로 319,  (문수동)",의료법인주영의료재단 동인요양병원,요양병원
"부산광역시 사상구 백양대로 764, (덕포동)",의료법인지석의료재단 효성프라임요양병원,요양병원
"전라남도 순천시 별량면 덕정길 74, ()",의료법인진촌의료재단 순천만요양병원,요양병원
"서울특별시 성북구 북악산로1길 71, (정릉동)",의료법인참예원의료재단 성북참요양병원,요양병원
"서울특별시 송파구 마천로 164, 송파참병원 (오금동)",의료법인참예원의료재단 송파참요양병원,요양병원
"서울특별시 강남구 헌릉로590길 60, (세곡동, 강남구립 행복요양병원)",의료법인참예원의료재단강남구립행복요양병원,요양병원
"경상남도 창녕군 영산면 영산도천로 430, ()",의료법인창녕성산의료재단 영산요양병원,요양병원
"경상남도 창녕군 대지면 효정직교길 119, ()",의료법인창녕성산의료재단창녕효요양병원,요양병원
"경상남도 창원시 마산회원구 내서읍 죽암로 89, (신세계요양병원)",의료법인청록의료재단신세계요양병원,요양병원
"부산광역시 금정구 부곡로 36, 2-4층 (부곡동, 애플타워)",의료법인청림의료재단온천요양병원,요양병원
"전라남도 목포시 차범석길35번길 9,  (북교동)",의료법인청명의료재단 목포참사랑요양병원,요양병원
"부산광역시 동구 중앙대로 364, (수정동, 청십자병원)",의료법인청십자의료재단 청십자요양병원,요양병원
"부산광역시 부산진구 봉수로 18, 지상 1층 일부, 2층 일부, 3층 일부, 4~7층 전부, D동 2층 (전포동)",의료법인청십자의료재단 행복한 요양병원,요양병원
"경상북도 포항시 북구 송라면 동해대로2913번길 127, ()",의료법인청암의료재단 포항송라요양병원,요양병원
"전라남도 순천시 상사면 상사호길 231, ()",의료법인청울의료재단 선암요양병원,요양병원
"부산광역시 부산진구 동평로 401, 지하2~지상10층 (양정동)",의료법인청원의료재단 수요양병원,요양병원
"경상북도 경주시 원화로 168,  (인왕동)",의료법인청하의료재단 청하요양병원 인왕점,요양병원
"경상남도 창원시 마산회원구 북성로 469, (두척동)",의료법인태산의료재단 큰사랑요양병원,요양병원
"충청남도 태안군 태안읍 환동로 31, ()",의료법인태안의료재단현대요양병원,요양병원
"제주특별자치도 제주시 한림읍 한수풀로 58, ()",의료법인평촌의료재단제주대림요양병원,요양병원
"경상북도 포항시 북구 동빈로 9,  (중앙동)",의료법인포항삼광의료재단 드림요양병원,요양병원
"경상남도 김해시 김해대로 2379, (부원동)",의료법인푸른솔의료재단 김해한솔재활요양병원,요양병원
"경상남도 김해시 번화1로79번길 4, 다인메디컬센타 (대청동)",의료법인하은의료재단 장유제일요양병원,요양병원
"경상남도 김해시 진영읍 진영로454번길 102-10, ()",의료법인한솔의료재단 한서재활요양병원,요양병원
"경기도 고양시 덕양구 지도로 100, (토당동)",의료법인한영의료재단삼성요양병원,요양병원
"부산광역시 사하구 원양로 400, (감천동)",의료법인한우리의료재단 한우리요양병원,요양병원
"경상북도 포항시 북구 법원로111번길 25-10,  (장성동)",의료법인한원의료재단 장성요양병원,요양병원
"경상남도 창원시 마산합포구 해안대로 35, (해운동, MH우리병원)",의료법인합포의료재단마산우리요양병원,요양병원
"전라남도 목포시 해안로 243-3,  (행복동1가)",의료법인항운의료재단 목포요양병원,요양병원
"경상북도 포항시 남구 중앙로 98, (해도동)",의료법인해도의료재단제일마디요양병원,요양병원
"부산광역시 금정구 반송로 470, 2~7층 (금사동)",의료법인해림의료재단 부산금사요양병원,요양병원
"전라남도 장성군 삼계면 능성로 29-1, ()",의료법인해상의료재단 백양요양병원,요양병원
"경기도 안산시 상록구 샘골로 43, 1~5층 (본오동)",의료법인해인의료재단 해인요양병원,요양병원
"전라남도 구례군 구례읍 구례로 28, ()",의료법인행림의료재단 새미소요양병원,요양병원
"경상남도 창원시 마산합포구 진동면 삼진의거대로 826, ()",의료법인혜주의료재단 더편한요양병원,요양병원
"부산광역시 사하구 하신중앙로 7, (장림동)",의료법인호산나의료재단현대요양병원,요양병원
"경기도 안산시 상록구 광덕산2로 22, (월피동, 은성빌딩)",의료법인호원의료재단호원요양병원,요양병원
"충청북도 청주시 청원구 내수읍 마산길 8-11, ()",의료법인홍익의료재단파스카요양병원,요양병원
"경상북도 포항시 북구 흥해읍 덕장길 278, (흥해읍)",의료법인화암의료재단 간호나라요양병원,요양병원
"부산광역시 해운대구 해운대로76번길 12, (재송동)",의료법인화인의료재단센텀화인요양병원,요양병원
"전라남도 목포시 양을로 456,  (상동)",의료법인효경의료재단 효성요양병원,요양병원
"부산광역시 사하구 장평로 1, (장림동)",의료법인효원의료재단 자연요양병원,요양병원
"경상북도 칠곡군 동명면 기성3길 41, ()",의료법인효천의료재단 팔공요양병원,요양병원
"부산광역시 해운대구 아랫반송로1번길 27-3, (반송동)",의료재단 로뎀요양병원,요양병원
"경상북도 의성군 의성읍 안평의성로 1122-30, ()",의성군공립요양병원,요양병원
"경상북도 의성군 의성읍 홍술로 94, ()",의성제일요양병원,요양병원
"경기도 의정부시 오목로225번길 115, 4~8층 (민락동)",의정부민락요양병원,요양병원
"경기도 의정부시 호국로 1342, 2층~8층 (의정부동)",의정부연세요양병원,요양병원
"경기도 의정부시 체육로 113-18, (녹양동)",의정부요양병원,요양병원
"광주광역시 광산구 하남울로 10, (하남동)",이가양정요양병원,요양병원
"광주광역시 서구 죽봉대로 143, 이기람요양병원 지하1층-6층층 (광천동)",이기람 요양병원,요양병원
"대구광역시 달성군 다사읍 달구벌대로 893, 3-7층",이로운요양병원,요양병원
"울산광역시 울주군 삼남읍 하방로 39, ()",이손요양병원,요양병원
"대구광역시 동구 파계로6길 16, (지묘동)",이시아요양병원,요양병원
"서울특별시 은평구 불광로13길 15, (불광동)",이우요양병원,요양병원
"부산광역시 서구 대영로85번길 31, (동대신동2가)",이의용밝은길요양병원,요양병원
"경기도 이천시 호법면 중부대로 797-26, 이천소망병원",이천소망요양병원,요양병원
"경기도 이천시 경충대로 2738-4, (관고동)",이천효요양병원,요양병원
"인천광역시 남동구 앵고개로948번길 4, 서울프라자 2~6층 (논현동)",이편안인천요양병원,요양병원
"경기도 고양시 일산동구 중앙로 1124, 4층 (백석동, 흰돌마을1단지아파트 상가동)",이푸른요양병원,요양병원
"경상남도 김해시 분성로261번길 15, (봉황동)",이화수로요양병원,요양병원
"충청남도 아산시 배방읍 배방산길 57-5, ()",이화피닉스요양병원,요양병원
"경기도 안성시 양성면 미리내성지로 274-29, ()",인선요양병원,요양병원
"전라남도 담양군 수북면 추성1로 736-0, ()",인애요양병원,요양병원
"인천광역시 미추홀구 미추홀대로 699, (주안동, 지하3층~9층)",인일요양병원,요양병원
"부산광역시 영도구 절영로 21, (대교동2가)",인제요양병원,요양병원
"인천광역시 미추홀구 경인로 46, 상아빌딩 지2~9층 (숭의동)",인천드림요양병원,요양병원
"인천광역시 미추홀구 경인로 400, (주안동, 지하2층~지하1층, 1층일부~10층)",인천사랑요양병원,요양병원
"인천광역시 중구 우현로62번길 30, (경동, 지하1층, 1층, 2층, 3층)",인천삼성요양병원,요양병원
"인천광역시 남동구 호구포로 214, 대진메디컬프라자 7~10층 (논현동)",인천수요양병원,요양병원
"인천광역시 서구 심곡로132번길 21-1, (심곡동)",인천시립치매요양병원,요양병원
"인천광역시 남동구 호구포로 212, 대양프라자빌딩 5,6,7,8층 (논현동)",인천아산요양병원,요양병원
"인천광역시 서구 심곡로132번길 21, (심곡동)",인천은혜요양병원,요양병원
"인천광역시 계양구 드림로 852, 노인치매요양병원 (갈현동)",인천제2시립노인치매요양병원,요양병원
"광주광역시 북구 우치로422번길 32, 지1.1-4층 (삼각동, 양지병원)",일곡양지요양병원,요양병원
"광주광역시 북구 양일로 313, (일곡동)",일곡요양병원,요양병원
"광주광역시 광산구 송촌길 31, (송촌동)",일등요양병원,요양병원
"경기도 고양시 일산동구 위시티로 18, 5~8층 (식사동, 동국타워)",일산리더스요양병원,요양병원
"경기도 고양시 일산서구 중앙로 1564, 그린월드 706호, 707호, 8층, 9층, 10층 (대화동)",일산메디안요양병원,요양병원
"경기도 고양시 일산동구 장백로 86, 한경빌딩 3~6층 (백석동)",일산사랑요양병원,요양병원
"경기도 고양시 일산동구 하늘마을1로 14, 일산 조은프라자 3층,401~404,407,409호,6층,7층 (중산동)",일산아르고요양병원,요양병원
"경기도 고양시 일산동구 고봉로 20-21, 양우로데오랜드 304,305,401,503,506~509호 (장항동)",일산자애병원,요양병원
"경기도 고양시 일산동구 무궁화로 31-16, (장항동, 남정시티프라자8차 3층, 4층, 6층, 8층)",일산참사랑요양병원,요양병원
"경기도 고양시 일산서구 고봉로 291, (일산동, 에이스스타디움7,8층)",일산한울요양병원,요양병원
"경기도 고양시 일산동구 무궁화로 346, 지하1~2층,1~3층 (풍동)",일산현대요양병원,요양병원
"경기도 고양시 일산동구 호수로 646-24, 위너스21 II 3,5,6층 (장항동)",일산호수요양병원,요양병원
"전라북도 임실군 임실읍 봉황로 71, ()",임실중앙요양병원,요양병원
"울산광역시 남구 삼산로 11, (신정동)",임요양병원,요양병원
"부산광역시 남구 용호로 132, 용성빌딩3,4층 (용호동)",임해누리의료소비자생활협동조합 오륙도요양병원,요양병원
"경기도 파주시 탄현면 새오리로 215-50, ()",자성대 요양병원,요양병원
"광주광역시 광산구 목련로 330-19,  (신가동)",자연요양병원,요양병원
"경기도 파주시 탄현면 새오리로 215-19, ()",자유로요양병원,요양병원
"경기도 고양시 일산동구 백마로 490, (풍동)",자향요양병원,요양병원
"전라남도 장성군 장성읍 강변안길 100, ()",장성공립노인전문요양병원,요양병원
"충청남도 홍성군 은하면 구성남로 381, 381",장수요양병원,요양병원
"대구광역시 서구 평리로 380, (내당동)",장수효요양병원,요양병원
"인천광역시 부평구 장제로 175, 지하1(일부)층, 1(일부)층, 2층~8층 전체 (부평동)",재단법인 자연재단 더필잎요양병원,요양병원
"서울특별시 구로구 새말로 60, 제중요양병원 지하2,동 1~9층 (구로동)",재단법인 제중의료복지재단 제중요양병원,요양병원
"전라북도 익산시 동서로 309,  (영등동)",재단법인 천주교 전주교구 유지재단 익산성모병원,요양병원
"경상남도 김해시 금관대로 592, 2~5층 (무계동)",재단법인그루터기장유은혜요양병원,요양병원
"경기도 부천시 소향로 143, 1동 3,4층 (중동)",재단법인대성재단대성요양병원,요양병원
"전라남도 여수시 화양면 장수로 204-32, ()",재단법인여수요양병원,요양병원
"전라남도 화순군 화순읍 덕음로 999, ()",전남제일요양병원,요양병원
"전라북도 고창군 고창읍 고인돌대로 1765, ()",전라북도 고창노인요양병원,요양병원
"전라북도 남원시 산성길 51-15, (산곡동)",전라북도 남원노인요양병원,요양병원
"전라북도 전주시 덕진구 솔내로 148, (송천동1가)",전주 정드림요양병원,요양병원
"전라북도 전주시 완산구 용리로 60, (삼천동1가)",전주늘사랑요양병원,요양병원
"전라북도 전주시 완산구 노송여울2길 134-0,  (서노송동)",전주선요양병원,요양병원
"전라북도 전주시 완산구 능안자구길 80, (삼천동3가)",전주시립요양병원,요양병원
"전라북도 정읍시 관통로 27, (시기동)",정다운요양병원,요양병원
"전라남도 무안군 삼향읍 삼일로 13-1,",정다운요양병원,요양병원
"경상북도 포항시 북구 중앙로 208, (죽도동)",정다운요양병원,요양병원
"광주광역시 서구 상무대로 1029, 1~8층 (화정동)",정든요양병원,요양병원
"울산광역시 북구 관문길 251, (천곡동)",정안요양병원,요양병원
"서울특별시 도봉구 도봉로 639, 정병원 5,6층 (쌍문동)",정요양병원,요양병원
"부산광역시 영도구 절영로 32, (대교동1가)",정요양병원,요양병원
"전라북도 정읍시 상동중앙로 94,  (상동)",정읍사랑요양병원,요양병원
"전라북도 정읍시 금붕1길 160-15, (금붕동)",정읍시립요양병원,요양병원
"부산광역시 남구 우암양달로75번길 29, (우암동)",제니스파크요양병원,요양병원
"경기도 화성시 효행로 990, (진안동, 비젼월드)",제일요양병원,요양병원
"대구광역시 서구 북비산로 250, (평리동, 제일효병원)",제일효요양병원,요양병원
"제주특별자치도 제주시 조천읍 신조로 203, ()",제주사랑요양병원,요양병원
"제주특별자치도 제주시 산천단남길 10, (아라일동, 제주의료원)",제주의료원부속요양병원,요양병원
"제주특별자치도 제주시 연삼로 16, (연동)",제주제일요양병원,요양병원
"제주특별자치도 제주시 서사로 40, 3,5,6층 (삼도일동)",제주하늘의료소비자생활협동조합하나요양병원,요양병원
"충청북도 제천시 의림대로 17-0, (영천동)",제천은혜요양병원,요양병원
"경기도 파주시 하지석길 45, (교하동)",조앤조숲요양병원,요양병원
"부산광역시 사하구 감천로 55, (감천동)",조이효요양병원,요양병원
"세종특별자치시  연서면 도신고복로 789-17, 789",조치원노인전문병원,요양병원
"경상남도 밀양시 삼랑진읍 천태로 355-99, ()",좋은연인요양병원,요양병원
"울산광역시 남구 남중로 132, 2~5층 (삼산동)",좋은요양병원,요양병원
"경기도 성남시 중원구 도촌로8번길 34, (도촌동)",좋은이웃요양병원,요양병원
"전라남도 여수시 봉계5길 10-13,  (봉계동)",좌수영요양병원,요양병원
"충청남도 공주시 탄천면 효자길 100, (탄천면)",주은라파스요양병원,요양병원
"부산광역시 동래구 충렬대로 372, (안락동, 안락동요양병원)",준요양병원,요양병원
"대전광역시 중구 보문산공원로 473-0,  1~5층 (대사동,크린타워)",중구의료소비자생활협동조합 보문산생태요양병원,요양병원
"대전광역시 중구 계백로 1546-0, 대전중부새마을금고",중부요양병원,요양병원
"경기도 고양시 일산동구 중산로 241, (중산동)",중산요양병원,요양병원
"경상북도 포항시 북구 중앙로 299, 299",중앙성심요양병원,요양병원
"전라북도 전주시 덕진구 가리내로 23, (금암동)",중앙요양병원,요양병원
"대구광역시 달서구 월배로83길 14, (송현동)",중앙요양병원,요양병원
"부산광역시 사하구 낙동대로 565, (하단동, 호서부산빌딩)",중앙효요양병원,요양병원
"경기도 의정부시 평화로 609, 1~6층 (의정부동, 중앙병원)",중앙효요양병원,요양병원
"전라남도 나주시 노안면 노안삼도로 507-14, (노안면)",즐거운요양병원,요양병원
"제주특별자치도 제주시 서광로 222, (삼도일동)",지오요양병원,요양병원
"인천광역시 계양구 장제로 672, 2,3,4층 201,305,402호 (작전동)",지웰요양병원,요양병원
"전라남도 진도군 의신면 운림산방로 31, (의신면)",진도군노인전문요양병원,요양병원
"경상북도 경산시 진량읍 낙산1길 14, ()",진량삼성요양병원,요양병원
"광주광역시 북구 첨단연신로 25, B201, 301, 302, 502, 601, 602호 (연제동)",진요양병원,요양병원
"경상남도 진주시 촉석로 178, 지하1층,지상1~5층 (중안동)",진주중앙요양병원,요양병원
"경기도 고양시 일산동구 중앙로 1312, 4~5층 (정발산동)",차연요양병원,요양병원
"전라남도 담양군 금성면 덕성길 11-58, ()",차오름요양병원,요양병원
"경기도 파주시 경의로 1218, 월드타워12차 6,7,8,9층 (와동동)",참나무요양병원,요양병원
"전라북도 군산시 조촌로 21, (조촌동)",참사랑요양병원,요양병원
"서울특별시 강서구 강서로 182, (화곡동)",참요양병원,요양병원
"부산광역시 부산진구 가야대로 451, 6,7,8층 (개금동)",참요양병원,요양병원
"충청남도 천안시 서북구 동서대로 110-23, (성정동)",참조은요양병원,요양병원
"대구광역시 수성구 신천동로 482, (수성동4가)",참좋은요양병원,요양병원
"경상남도 창원시 진해구 충장로 154, (충무동)",참좋은요양병원,요양병원
"경상남도 창원시 의창구 의안로2번길 31, (소답동)",창원삼성요양병원,요양병원
"전라남도 담양군 창평면 화양길 64-14, ()",창평한마음요양병원,요양병원
"광주광역시 북구 북문대로 18, 지1,1～7층 (운암동)",천사요양병원,요양병원
"충청남도 천안시 서북구 검은들1길 12, (불당동)",천안바른요양병원,요양병원
"충청남도 천안시 서북구 원두정3길 37, 4층,5층 (두정동)",천안성심요양병원,요양병원
"충청남도 천안시 동남구 구성2길 11, (구성동)",천안세인트요양병원,요양병원
"충청남도 천안시 동남구 목천읍 삼방로 735, (천안시립노인전문병원)",천안시립노인전문병원,요양병원
"충청남도 천안시 서북구 충무로 167-12, 쌍용가구백화점 2층 (쌍용동)",천안쌍용요양병원,요양병원
"충청남도 천안시 동남구 삼룡천3길 10, (구성동, 이라의료재단 천안병원)",천안요양병원,요양병원
"충청남도 천안시 서북구 쌍용19로 21, (쌍용동, 유림빌딩(2,3,4층))",천안우리요양병원,요양병원
"충청남도 천안시 서북구 백석로 99, 1층~4층 (백석동)",천안퍼스트힐요양병원,요양병원
"인천광역시 서구 건지로 264, 4,5,6층 (가좌동)",천진요양병원,요양병원
"강원도 철원군 동송읍 금학로157번길 23-17,",철원요양병원,요양병원
"광주광역시 광산구 첨단중앙로170번길 54, (쌍암동)",첨단요양병원,요양병원
"대구광역시 북구 대현로 19, (대현동)",첨단요양병원,요양병원
"인천광역시 서구 열우물로 235, 2~5층 (가좌동, 가재울플라자)",청담요양병원,요양병원
"경상남도 김해시 진영읍 김해대로 132-1, ()",청담요양병원,요양병원
"서울특별시 강남구 영동대로 713, 9~14층 (청담동)",청담힐요양병원,요양병원
"인천광역시 서구 봉오재3로110번길 7, 가정봄프라자 6,7,8,9층 (가정동)",청라베스트요양병원,요양병원
"부산광역시 사하구 낙동대로 377, (당리동)",청림요양병원,요양병원
"경상남도 김해시 해반천로168번길 38, 3,4층 (삼계동)",청보요양병원,요양병원
"전라남도 여수시 둔덕2길 6-5,  0동 (미평동)",청암요양병원,요양병원
"충청북도 청주시 서원구 청남로 2014-0,  3~8층 (분평동)",청주삼성요양병원,요양병원
"충청북도 청주시 서원구 궁뜰로62번길 29, (장성동)",청주시립요양병원,요양병원
"경기도 양주시 장흥면 권율로 512, ()",청지기요양병원,요양병원
"경기도 가평군 청평면 북한강로1604번길 64-28, ()",청평활명요양병원,요양병원
"충청북도 제천시 금성면 청풍호로 1147-0, ()",청풍호노인사랑병원,요양병원
"서울특별시 영등포구 가마산로 368, (대림동, 메디칼빌딩)",초록나무요양병원,요양병원
"강원도 춘천시 퇴계공단길 40, 40",춘천새윤요양병원,요양병원
"강원도 춘천시 동면 세실로 252, ()",춘천시노인전문병원,요양병원
"강원도 춘천시 동면 춘천로 527-34, ()",춘천요양병원,요양병원
"강원도 춘천시 남면 박암관천길 821-0,",춘천태동요양병원,요양병원
"강원도 춘천시 옛경춘로 663, 663",춘천호반요양병원,요양병원
"경상남도 통영시 남해안대로 760, (무전동)",충무요양병원,요양병원
"충청북도 청주시 서원구 청남로 1910-0, 충북도립노인전문병원",충북도립노인전문병원,요양병원
"충청북도 충주시 동량면 충원대로 1398-0, 충주시노인전문병원",충주시노인전문병원,요양병원
"충청북도 충주시 연수상가3길 14-0,  (연수동)",충주현대요양병원,요양병원
"광주광역시 동구 증심사길 2, (운림동)",치유요양병원,요양병원
"경상남도 창원시 마산합포구 현동로 38, 4-10층 (우산동)",친절요양병원,요양병원
"경상북도 칠곡군 왜관읍 금남5길 58, ()",칠곡군립노인요양병원,요양병원
"대구광역시 북구 신암로 27, 2,4층일부,5-7층 (칠성동1가)",칠성요양병원,요양병원
"대구광역시 북구 침산남로 92, 3~4층, 7~11층 (침산동)",침산요양병원,요양병원
"경기도 성남시 분당구 불정로386번길 8, 1층일부~4층 (서현동)",카리스요양병원,요양병원
"경기도 용인시 기흥구 민속촌로 28, (보라동)",케어스힐요양병원,요양병원
"경기도 파주시 운정로 146-95, (상지석동)",큰나무요양병원,요양병원
"서울특별시 강남구 논현로2길 30, (개포동, 지하2층~1층, 지상1층~6층)",큰사랑요양병원,요양병원
"부산광역시 사하구 하신중앙로 174, (신평동)",큰사랑요양병원,요양병원
"경기도 부천시 부흥로373번길 78, 601,701호 (심곡동)",큰사랑요양병원,요양병원
"충청남도 천안시 서북구 도원4길 7, (성정동)",큰사랑요양병원,요양병원
"경상북도 구미시 산업로 168-8, (원평동)",큰사랑요양병원,요양병원
"대전광역시 유성구 학하서로 99-0,  (덕명동)",큰우리요양병원,요양병원
"경기도 광명시 목감로 256, 지하1~지상7층 (광명동)",탑요양병원,요양병원
"전라남도 광양시 광양읍 대림오성로 63-0, ()",탑요양병원,요양병원
"부산광역시 영도구 태종로 820-23, (동삼동)",태종대요양병원,요양병원
"광주광역시 동구 구성로 268,  (계림동)",태평요양병원,요양병원
"대전광역시 유성구 테크노7로 31, 해성빌딩 (용산동)",테크노요양병원,요양병원
"강원도 춘천시 영서로 1925-9, 춘천한방병원",토마스요양병원,요양병원
"제주특별자치도 제주시 동광로 42, (이도이동)",토마토요양병원,요양병원
"충청남도 보령시 남대천로 14, (대천동)",통합요양병원,요양병원
"경기도 남양주시 퇴계원면 도제원로 32, ()",퇴계원 서울요양병원,요양병원
"경기도 구리시 아차산로 493, D동 (교문동, 중앙하이츠티움)",투재암요양병원,요양병원
"서울특별시 강남구 봉은사로 535, (삼성동, 트리니티재활병원빌딩, 지하1,2층, 지상1~11층)",트리니티요양병원,요양병원
"대전광역시 중구 목중로 9, 대전튼튼요양병원",튼튼요양병원,요양병원
"서울특별시 금천구 시흥대로73길 67, 엠타워 7,8,9,14,지하2층 (시흥동)",파라솔요양병원,요양병원
"경기도 파주시 시청로 6, 파주드림요양병원 1동 (금촌동)",파주드림요양병원,요양병원
"경기도 파주시 숲속노을로 273, 바이오텍홀딩스 1~7층 (문발동)",파주로하스요양병원,요양병원
"경기도 파주시 한마음2길 25, 금촌그린플라자 (금촌동)",파주삼성요양병원,요양병원
"경기도 파주시 탄현면 평화로574번길 17, (의)청학의료재단 파주성모병원.요양병원",파주성모요양병원,요양병원
"경기도 성남시 수정구 산성대로 231, (신흥동)",파티마 요양병원,요양병원
"대구광역시 동구 아양로 81, 호창메디타워 7~10층,13층 (신암동)",파티마요양병원,요양병원
"대구광역시 서구 팔달로 152, 7~12층 (비산동)",팔달요양병원,요양병원
"서울특별시 도봉구 시루봉로 310, 화성빌딩 (도봉동)",팔팔요양병원,요양병원
"경기도 파주시 월롱면 통일로 715-2, ()",퍼스트보람요양병원,요양병원
"서울특별시 도봉구 삼양로 616, 2-5층 (쌍문동)",퍼스트요양병원,요양병원
"서울특별시 광진구 자양로 38, 편안한요양병원 (자양동)",편안한요양병원,요양병원
"부산광역시 기장군 기장읍 대청로36번길 11-33, ()",평거요양병원,요양병원
"경상남도 양산시 하북면 신평로 37, 2~6층",평심요양병원,요양병원
"경기도 평택시 비전2로 194, 소사벌 어반테라스 1동 5층~9층층 (비전동)",평택삼성요양병원,요양병원
"경기도 평택시 평택5로 94, 1~8층 (비전동)",평택제니스요양병원,요양병원
"대전광역시 중구 대전천서로 745, (중촌동)",평화요양병원,요양병원
"울산광역시 울주군 언양읍 읍성로 11, 평화요양병원(별관 방천1길 11, 평화요양병원(별관 방천1길 13)",평화요양병원,요양병원
"서울특별시 도봉구 삼양로 606, 2~3층 (쌍문동)",포근한맘요양병원,요양병원
"전라북도 전주시 덕진구 백제대로 822, (우아동3가)",포도나무요양병원,요양병원
"경기도 용인시 처인구 중부대로1762번길 31, (마평동)",포레스타요양병원,요양병원
"서울특별시 강남구 도산대로 209, 느루요양병원빌딩 지하1~2층, 지상1~10층  (신사동)",포레스트요양병원,요양병원
"서울특별시 송파구 오금로 173, (방이동)",포레힐요양병원,요양병원
"경기도 용인시 처인구 금령로 132, (마평동)",포브스요양병원,요양병원
"경기도 포천시 내촌면 금강로2536번길 112-12, ()",포천새맘요양병원,요양병원
"경상북도 포항시 북구 중흥로 227,  (죽도동)",포항이요양병원,요양병원
"경상북도 포항시 북구 새천년대로 1359,  (장성동)",포항휴요양병원,요양병원
"서울특별시 마포구 월드컵북로 494, 지하1층~7층 (상암동, 푸르메재단넥슨어린이재활병원)",푸르메재단 넥슨어린이재활병원,요양병원
"부산광역시 금정구 금강로 592, 지1,1,3-7층 (구서동)",푸른숲요양병원,요양병원
"대전광역시 서구 월평중로 24,  (월평동)",푸른요양병원,요양병원
"경상남도 창원시 성산구 창원천로94번길 82-18, 푸른요양병원(B동) (대원동)",푸른요양병원,요양병원
"경상남도 양산시 하북면 양산대로 2634, 지하1, 1~4층",풍경요양병원,요양병원
"대구광역시 북구 신암로 111, 4~8층 (대현동)",프라임요양병원,요양병원
"경상남도 창녕군 고암면 상대2길 16, 더케이서드에이지",프라임요양병원,요양병원
"서울특별시 성북구 솔샘로1길 19, 그린존 1층~6층 (정릉동)",플러스요양병원,요양병원
"경기도 남양주시 경춘로1308번길 2, 3~7층 (평내동)",필립요양병원,요양병원
"충청북도 청주시 서원구 대림로 431-0, 하나노인전문병원",하나노인전문병원,요양병원
"경상북도 포항시 남구 포스코대로 382,  (대도동)",하나요양병원,요양병원
"서울특별시 은평구 서오릉로 149, 세웅그룹빌딩 3~9층 (구산동)",하나효요양병원,요양병원
"경기도 하남시 신평로 77, (신장동)",하남샬롬요양병원,요양병원
"경기도 하남시 산곡동로 94-5, (하산곡동)",하남요양병원,요양병원
"경기도 수원시 영통구 월드컵로150번길 21, 아주대학교요양병원 (원천동)",학교법인 대우학원 아주대학교요양병원,요양병원
"전라북도 전주시 완산구 덕적골3길 55,  (평화동1가)",학산요양병원,요양병원
"부산광역시 사상구 대동로 159, 본관3~7층, 별관지하1~지상5층, 신관1~4층 (학장동)",학장성심요양병원,요양병원
"경상남도 김해시 전하로 234, (전하동)",한가족요양병원,요양병원
"경기도 김포시 통진읍 조강로36번길 12-10, 가동",한강요양병원,요양병원
"서울특별시 중랑구 망우로 316, 이지팰리스 5~7층 503-2,504,505,601~605,701~705호 (상봉동)",한걸음요양병원,요양병원
"대구광역시 달서구 대명천로 15, (성당동)",한결요양병원,요양병원
"전라남도 나주시 왕곡면 영산포로 30-13, ()",한결우리요양병원,요양병원
"경기도 이천시 신둔면 이장로311번길 197-35, ()",한국관광대학 부설 노인전문병원,요양병원
"전라북도 전주시 덕진구 백제대로 587, (금암동)",한국노인요양병원,요양병원
"서울특별시 강동구 진황도로61길 53, 중앙보훈병원 (둔촌동)",한국보훈복지의료공단 서울요양병원,요양병원
"전라남도 여수시 시청로 165-0,  (선원동)",한국요양병원,요양병원
"서울특별시 은평구 은평로 170, 6층,7층,8층 (응암동, 상현빌딩동)",한국효요양병원,요양병원
"경기도 양평군 양서면 남한강변길 83, ()",한길요양병원,요양병원
"전라북도 완주군 봉동읍 낙평장기로 43, ()",한길요양병원,요양병원
"대전광역시 대덕구 한밭대로 1150, (중리동)",한남요양병원,요양병원
"경기도 포천시 신북면 청신로 2139, ()",한내 가족처럼 요양병원,요양병원
"경기도 남양주시 화도읍 먹갓로27번길 17-18, ()",한누리요양병원,요양병원
"충청남도 논산시 해월로 123, (반월동)",한마음요양병원,요양병원
"전라북도 전주시 완산구 백제대로 234, (중화산동2가)",한마음요양병원,요양병원
"경상남도 창원시 마산합포구 오동동10길 73, 2-3층 (오동동, 서광아침의빛)",한마음요양병원,요양병원
"세종특별자치시 조치원읍 금이로 53-11, (조치원읍)",한마음효요양병원,요양병원
"전라북도 남원시 향단로 28-0, (쌍교동)",한빛요양병원,요양병원
"경상남도 진주시 대신로 120, 한빛요양병원 지하2층 2층-9층층 (상평동)",한빛요양병원,요양병원
"전라북도 전주시 덕진구 쪽구름로 87-1,  (반월동)",한빛의료소비자생활협동조합 마음편한요양병원,요양병원
"전라북도 전주시 덕진구 번영로 462,  (반월동)",한빛의료소비자생활협동조합 행복나라요양병원,요양병원
"부산광역시 사하구 사하로 55, (구평동)",한빛의료소비자생활협동조합한빛요양병원,요양병원
"경기도 수원시 장안구 경수대로 1017, (송죽동)",한빛현요양병원,요양병원
"부산광역시 부산진구 새싹로 107, 지하1층~지상6층층 (부암동)",한사랑요양병원,요양병원
"경기도 광주시 도척면 도척로 312, ()",한사랑요양병원,요양병원
"경기도 파주시 파주읍 통일로 1568, 한사랑요양병원",한사랑요양병원,요양병원
"전라북도 전주시 완산구 용머리로 251, (서완산동2가)",한사랑요양병원,요양병원
"전라북도 정읍시 월천안길 14, (하모동)",한서요양병원,요양병원
"전라북도 전주시 완산구 장승배기로 46, (삼천동1가)",한솔요양병원,요양병원
"대구광역시 북구 침산로 167, (침산동)",한솔요양병원,요양병원
"전라북도 익산시 고현로4길 3, (모현동1가)",한양요양병원,요양병원
"경기도 부천시 여월로 70, 정방프라자 지하1층일부, 1층일부, 2층일부,3층,4층,5층 (여월동)",한우리요양병원,요양병원
"경상남도 진주시 범골로 17, 한일병원 6층,7층 (충무공동)",한일요양병원,요양병원
"전라남도 함평군 학교면 학교화산길 16-19, (학교면)",함평군공립요양병원,요양병원
"경상남도 합천군 대양면 대야로 737-20, 1호",합천고려요양병원,요양병원
"경상남도 합천군 합천읍 신소양2길 40, (합천읍)",합천요양병원,요양병원
"전라북도 전주시 완산구 팔달로 202-15,  (경원동3가)",해맑은요양병원,요양병원
"대구광역시 달서구 월배로 446, (송현동)",해오름요양병원,요양병원
"강원도 평창군 봉평면 기풍로 199,",해오름자연요양병원,요양병원
"경기도 부천시 신흥로 350, SB타워 Ⅱ 지하2~7층 (도당동)",해올요양병원,요양병원
"부산광역시 해운대구 반여로 156, 한빛요양병원 (반여동)",해운대 한빛요양병원,요양병원
"부산광역시 해운대구 좌동순환로 462, 지하1층-지상7층 (중동, 성심병원)",해운대성심요양병원,요양병원
"광주광역시 북구 삼정로 142, (두암동)",해피니스요양병원,요양병원
"전라북도 익산시 익산대로 249, (남중동)",해피하우스요양병원,요양병원
"경기도 양주시 고읍로 160, (만송동)",햇살가득요양병원,요양병원
"서울특별시 동대문구 장한로 152, 지하1~2층, 지상3 ~10층 (장안동)",햇살요양병원,요양병원
"경기도 남양주시 마치로 90, (호평동)",햇살요양병원,요양병원
"광주광역시 서구 경열로 126, 4~8층 (양동)",햇살요양병원,요양병원
"대구광역시 북구 팔거천동로 224, (동천동)",햇살요양병원,요양병원
"인천광역시 남동구 백범로 398, 새마을금고중앙회 (간석동)",행복마을요양병원,요양병원
"전라북도 전주시 덕진구 백제대로 700-0, 새백제병원",행복한요양병원,요양병원
"경상남도 창원시 의창구 북면 천주로 785-1, ()",행복한요양병원,요양병원
"광주광역시 광산구 무진대로 272-8, (우산동)",허그요양병원,요양병원
"광주광역시 북구 하서로 290-51,  (일곡동)",헤아림요양병원,요양병원
"부산광역시 기장군 기장읍 반송로 1555, ()",현대요양병원,요양병원
"강원도 원주시 치악로1604번길 22,  (단구동)",현대요양병원,요양병원
"충청남도 공주시 번영2로 18-10, (신관동)",현대요양병원,요양병원
"대구광역시 남구 대명로 24, (대명동)",현대요양병원,요양병원
"경상남도 양산시 상북면 대석1길 58, ()",현대요양병원,요양병원
"전라남도 여수시 해산4길 37-0,  (해산동)",현송요양병원,요양병원
"서울특별시 강북구 삼각산로 20, (수유동)",현인요양병원,요양병원
"대구광역시 달성군 현풍읍 테크노공원로 21, 2~6층",현풍요양병원,요양병원
"강원도 평창군 봉평면 북길동길 17,",혜민요양병원,요양병원
"경상남도 양산시 웅상대로 955, (평산동)",혜인요양병원,요양병원
"광주광역시 광산구 사암로 206,  (우산동)",호남THE선요양병원,요양병원
"경기도 안산시 단원구 광덕1로 159, 대림프라자 115호, 403~404호, 501~503호, 601~607호 (고잔동)",호수요양병원,요양병원
"경상북도 포항시 북구 장량로128번길 28-11, (장성동)",호암의료재단 우리요양병원,요양병원
"경기도 남양주시 늘을2로14번길 5, 7층 일부, 9층 (호평동, 샤르망메디칼프라자)",호평요양병원,요양병원
"경기도 양평군 청운면 신론로 406-17, 홍영노인전문병원",홍영노인전문병원,요양병원
"대전광역시 대덕구 동서대로 1805,  (송촌동)",홍제요양병원,요양병원
"충청남도 홍성군 홍성읍 백월로 130, 130",홍주요양병원,요양병원
"강원도 홍천군 두촌면 설악로 3871-4, (두촌면)",홍천요양병원,요양병원
"경기도 화성시 매송면 화성로 2407-15, ()",화성해인요양병원,요양병원
"전라남도 화순군 화순읍 서양로 330, ()",화순군립요양병원,요양병원
"전라남도 화순군 화순읍 진각로 242-8, ()",화순무지개요양병원,요양병원
"전라남도 화순군 화순읍 칠충로 101, ()",화순베스트요양병원,요양병원
"전라남도 화순군 한천면 헌무정길 119, ()",화순케어랜드요양병원,요양병원
"전라남도 화순군 화순읍 화동로 68-3, 화순푸른솔요양병원",화순푸른솔요양병원,요양병원
"경기도 포천시 화현면 화동로 517, 지하1,지상1~5층층",화현요양병원,요양병원
"대구광역시 수성구 수성로 216, 지하1,3~10층 (중동)",황금요양병원,요양병원
"경상남도 하동군 옥종면 옥수로 13, ()",효경요양병원,요양병원
"대구광역시 동구 화랑로 157, 1~6층 (효목동)",효경지요양병원,요양병원
"경기도 고양시 덕양구 중앙로 478, 3,4층 (행신동, 미원프라자)",효그린요양병원,요양병원
"광주광역시 남구 송암로98번길 36-10, (송하동)",효다움요양병원,요양병원
"서울특별시 서대문구 통일로 544, (홍은동)",효담요양병원,요양병원
"전라북도 김제시 화동길 135,  (신풍동)",효드림요양병원,요양병원
"광주광역시 북구 들재매길 101, (신안동)",효드림요양병원,요양병원
"서울특별시 동대문구 천호대로 259-1, (답십리동)",효림요양병원,요양병원
"경기도 고양시 일산서구 주화로 88, (주엽동, 효림빌딩 201호, 205~6호, 3층, 10층)",효림요양병원,요양병원
"부산광역시 남구 용호로 95, (용호동)",효메디요양병원,요양병원
"인천광역시 남동구 서창남순환로216번길 46, MS프라자, 3층일부, 4~6층, 7층일부 (서창동)",효민요양병원,요양병원
"전라북도 전주시 완산구 용머리로 77, (효자동1가)",효사랑가족요양병원,요양병원
"전라북도 전주시 완산구 팔달로 272, (서노송동)",효사랑전주요양병원,요양병원
"서울특별시 강북구 삼양로 204, (미아동, 효성요양병원)",효성요양병원,요양병원
"인천광역시 계양구 안남로 538, (효성동)",효성요양병원,요양병원
"울산광역시 중구 학산로 5, (학산동)",효성요양병원,요양병원
"광주광역시 남구 대남대로 362, (월산동)",효인재활요양병원,요양병원
"경기도 용인시 기흥구 중부대로874번길 1-30, (상하동)",효자병원,요양병원
"경기도 수원시 팔달구 팔달산로 89-35, (고등동)",효정요양병원,요양병원
"광주광역시 광산구 노안삼도로 1263, (삼거동)",효정요양병원,요양병원
"대구광역시 달서구 성당로 215, 1~7층 (두류동)",휴요양병원,요양병원
"경기도 용인시 기흥구 흥덕2로87번길 9, 용인메디컬센터 지하3층,지하1층,1층,3~7층 (영덕동)",흥덕우리요양병원,요양병원
"경상북도 포항시 북구 흥해읍 동해대로 1515, ()",흥해경희요양병원,요양병원
"서울특별시 노원구 상계로26길 7, (상계동)",희망요양병원,요양병원
"인천광역시 연수구 용담로 118, 지하2층~지상9층 (연수동)",희망찬요양병원,요양병원
"경상남도 창원시 성산구 원이대로393번길 25, 케이프타운 2-4층 일부, 지하1-2층 일부호 (반지동)",희연요양병원,요양병원
"경상남도 밀양시 부북면 춘화로 60, ()",희윤요양병원,요양병원
"인천광역시 중구 영종대로 106,  (운서동)",힐락암요양병원,요양병원
"전라북도 전주시 덕진구 떡전로 15-0,  (덕진동1가)",힐링요양병원,요양병원
